Date,AdjClose
2002-01-02,1.49718737363
2002-01-03,1.5151793249
2002-01-04,1.52224759147
2002-01-07,1.4714845861
2002-01-08,1.45285006514
2002-01-09,1.39116337507
2002-01-10,1.36417544816
2002-01-11,1.35260919377
2002-01-14,1.35903489065
2002-01-15,1.39437622351
2002-01-16,1.33525981219
2002-01-17,1.44449665919
2002-01-18,1.42457699886
2002-01-22,1.40208705977
2002-01-23,1.47919542236
2002-01-24,1.49140424643
2002-01-25,1.49397452519
2002-01-28,1.49525966456
2002-01-29,1.4824082708
2002-01-30,1.547950379
2002-01-31,1.58843226936
2002-02-01,1.56851260902
2002-02-04,1.62891415972
2002-02-05,1.6353398566
2002-02-06,1.58521942092
2002-02-07,1.56144434245
2002-02-08,1.54409496087
2002-02-11,1.60513908126
2002-02-12,1.58778969967
2002-02-13,1.60706679032
2002-02-14,1.5807214331
2002-02-15,1.53574155492
2002-02-19,1.45349263483
2002-02-20,1.48626368893
2002-02-21,1.38152482974
2002-02-22,1.46120347109
2002-02-25,1.52995842773
2002-02-26,1.52096245209
2002-02-27,1.4110830354
2002-02-28,1.39437622351
2002-03-01,1.50682591895
2002-03-04,1.56080177277
2002-03-05,1.51196647646
2002-03-06,1.54666523962
2002-03-07,1.56658489996
2002-03-08,1.58457685123
2002-03-11,1.61027963876
2002-03-12,1.58843226936
2002-03-13,1.57365316653
2002-03-14,1.5697977484
2002-03-15,1.60321137219
2002-03-18,1.58971740874
2002-03-19,1.59678567531
2002-03-20,1.60128366313
2002-03-21,1.55951663339
2002-03-22,1.547950379
2002-03-25,1.50040022207
2002-03-26,1.50746848864
2002-03-27,1.50811105833
2002-03-28,1.52096245209
2002-04-01,1.57172545747
2002-04-02,1.54666523962
2002-04-03,1.5261030096
2002-04-04,1.59999852375
2002-04-05,1.58971740874
2002-04-08,1.57815115435
2002-04-09,1.54859294869
2002-04-10,1.58457685123
2002-04-11,1.597428245
2002-04-12,1.61027963876
2002-04-15,1.60642422063
2002-04-16,1.65397437756
2002-04-17,1.67774945603
2002-04-18,1.63276957785
2002-04-19,1.60513908126
2002-04-22,1.57622344528
2002-04-23,1.55823149401
2002-04-24,1.52738814898
2002-04-25,1.54987808807
2002-04-26,1.47855285267
2002-04-29,1.53959697305
2002-04-30,1.55951663339
2002-05-01,1.54088211243
2002-05-02,1.52224759147
2002-05-03,1.51068133708
2002-05-06,1.45542034389
2002-05-07,1.4438540895
2002-05-08,1.56594233027
2002-05-09,1.55437607588
2002-05-10,1.49847251301
2002-05-13,1.53831183368
2002-05-14,1.64562097162
2002-05-15,1.6244161719
2002-05-16,1.61991818409
2002-05-17,1.60706679032
2002-05-20,1.58971740874
2002-05-21,1.50746848864
2002-05-22,1.56272948183
2002-05-23,1.61799047502
2002-05-24,1.55180579713
2002-05-28,1.54088211243
2002-05-29,1.54088211243
2002-05-30,1.55501864557
2002-05-31,1.49718737363
2002-06-03,1.47212715579
2002-06-04,1.46377374984
2002-06-05,1.45991833171
2002-06-06,1.42393442917
2002-06-07,1.37509913286
2002-06-10,1.38023969037
2002-06-11,1.31469758217
2002-06-12,1.2909225037
2002-06-13,1.25558117085
2002-06-14,1.29156507339
2002-06-17,1.31983813967
2002-06-18,1.29477792183
2002-06-19,1.10007930629
2002-06-20,1.0994367366
2002-06-21,1.08272992471
2002-06-24,1.10971785161
2002-06-25,1.10136444567
2002-06-26,1.06345283406
2002-06-27,1.09622388816
2002-06-28,1.13863348758
2002-07-01,1.09622388816
2002-07-02,1.0885130519
2002-07-03,1.12770980288
2002-07-05,1.20417559579
2002-07-08,1.15726800854
2002-07-09,1.12642466351
2002-07-10,1.11293070005
2002-07-11,1.1759025295
2002-07-12,1.12449695444
2002-07-15,1.17140454168
2002-07-16,1.14762946322
2002-07-17,1.00433642274
2002-07-18,0.963211962691
2002-07-19,0.961284253626
2002-07-22,0.958713974873
2002-07-23,0.929798338902
2002-07-24,0.976705926144
2002-07-25,0.922730072331
2002-07-26,0.921444932954
2002-07-29,0.965139671756
2002-07-30,0.991485028974
2002-07-31,0.980561344274
2002-08-01,0.951003138614
2002-08-02,0.928513199525
2002-08-05,0.898954993866
2002-08-06,0.947147720485
2002-08-07,0.965782241444
2002-08-08,0.983131623027
2002-08-09,0.963854532379
2002-08-12,0.963211962691
2002-08-13,0.937509175161
2002-08-14,0.974778217079
2002-08-15,1.00305128336
2002-08-16,1.01590267713
2002-08-19,1.02682636183
2002-08-20,1.02232837401
2002-08-21,1.03582233746
2002-08-22,1.02618379214
2002-08-23,1.01076211962
2002-08-26,0.997910725857
2002-08-27,0.954215987055
2002-08-28,0.944577441732
2002-08-29,0.944577441732
2002-08-30,0.947790290173
2002-09-03,0.902810411995
2002-09-04,0.93044090859
2002-09-05,0.911163817942
2002-09-06,0.924015211708
2002-09-09,0.923372642019
2002-09-10,0.920802363266
2002-09-11,0.918232084513
2002-09-12,0.908593539189
2002-09-13,0.910521248254
2002-09-16,0.931726047967
2002-09-17,0.951003138614
2002-09-18,0.965139671756
2002-09-19,0.936866605473
2002-09-20,0.955501126432
2002-09-23,0.954215987055
2002-09-24,0.940722023602
2002-09-25,0.959356544561
2002-09-26,0.944577441732
2002-09-27,0.945862581108
2002-09-30,0.931726047967
2002-10-01,0.932368617655
2002-10-02,0.910521248254
2002-10-03,0.918874654201
2002-10-04,0.901525272619
2002-10-07,0.884818460724
2002-10-08,0.879677903218
2002-10-09,0.873894776024
2002-10-10,0.907308399813
2002-10-11,0.932368617655
2002-10-14,0.949075429549
2002-10-15,0.974135647391
2002-10-16,0.935581466096
2002-10-17,0.906665830125
2002-10-18,0.921444932954
2002-10-21,0.935581466096
2002-10-22,0.944577441732
2002-10-23,0.95614369612
2002-10-24,0.943934872043
2002-10-25,0.990842459286
2002-10-28,1.00305128336
2002-10-29,0.992127598662
2002-10-30,1.02682636183
2002-10-31,1.03260948902
2002-11-01,1.05124400998
2002-11-04,1.08530020346
2002-11-05,1.08594277315
2002-11-06,1.10650500317
2002-11-07,1.0281115012
2002-11-08,1.01783038619
2002-11-11,0.974135647391
2002-11-12,1.00497899243
2002-11-13,1.00176614399
2002-11-14,1.04738859185
2002-11-15,1.02489865276
2002-11-18,1.00562156212
2002-11-19,0.981203913962
2002-11-20,0.997910725857
2002-11-21,1.05060144029
2002-11-22,1.02875407089
2002-11-25,1.02618379214
2002-11-26,0.990199889598
2002-11-27,1.01011954993
2002-11-29,0.995983016792
2002-12-02,0.975420786768
2002-12-03,0.974135647391
2002-12-04,0.961926823314
2002-12-05,0.940079453914
2002-12-06,0.960641683938
2002-12-09,0.947790290173
2002-12-10,0.98184648365
2002-12-11,0.995340447104
2002-12-12,0.976063356456
2002-12-13,0.950360568926
2002-12-16,0.954215987055
2002-12-17,0.968995089885
2002-12-18,0.936224035784
2002-12-19,0.912448957319
2002-12-20,0.908593539189
2002-12-23,0.931083478278
2002-12-24,0.922730072331
2002-12-26,0.925300351084
2002-12-27,0.903452981683
2002-12-30,0.904095551372
2002-12-31,0.920802363266
2003-01-02,0.951003138614
2003-01-03,0.957428835497
2003-01-06,0.957428835497
2003-01-07,0.954215987055
2003-01-08,0.934938896408
2003-01-09,0.943292302355
2003-01-10,0.945862581108
2003-01-13,0.940079453914
2003-01-14,0.938794314537
2003-01-15,0.927228060149
2003-01-16,0.939436884226
2003-01-17,0.906023260436
2003-01-21,0.90088270293
2003-01-22,0.891886727295
2003-01-23,0.910521248254
2003-01-24,0.886746169789
2003-01-27,0.907950969501
2003-01-28,0.936866605473
2003-01-29,0.936866605473
2003-01-30,0.920159793578
2003-01-31,0.922730072331
2003-02-03,0.942007162979
2003-02-04,0.938151744849
2003-02-05,0.928513199525
2003-02-06,0.927228060149
2003-02-07,0.909236108878
2003-02-10,0.922087502643
2003-02-11,0.922087502643
2003-02-12,0.924657781396
2003-02-13,0.93429632672
2003-02-14,0.942649732667
2003-02-18,0.981203913962
2003-02-19,0.954215987055
2003-02-20,0.949075429549
2003-02-21,0.963854532379
2003-02-24,0.947147720485
2003-02-25,0.965139671756
2003-02-26,0.931726047967
2003-02-27,0.954858556744
2003-02-28,0.964497102067
2003-03-03,0.94136459329
2003-03-04,0.935581466096
2003-03-05,0.939436884226
2003-03-06,0.935581466096
2003-03-07,0.933653757031
2003-03-10,0.923372642019
2003-03-11,0.914376666384
2003-03-12,0.913734096695
2003-03-13,0.945862581108
2003-03-14,0.949717999238
2003-03-17,0.964497102067
2003-03-18,0.963854532379
2003-03-19,0.960641683938
2003-03-20,0.958071405185
2003-03-21,0.963854532379
2003-03-24,0.923372642019
2003-03-25,0.934938896408
2003-03-26,0.925942920772
2003-03-27,0.931083478278
2003-03-28,0.936224035784
2003-03-31,0.908593539189
2003-04-01,0.909878678566
2003-04-02,0.938151744849
2003-04-03,0.929155769214
2003-04-04,0.925942920772
2003-04-07,0.931083478278
2003-04-08,0.928513199525
2003-04-09,0.911806387631
2003-04-10,0.923372642019
2003-04-11,0.848191988494
2003-04-14,0.872609636647
2003-04-15,0.86040081257
2003-04-16,0.850762267247
2003-04-17,0.843051430988
2003-04-21,0.844336570364
2003-04-22,0.868111648829
2003-04-23,0.872609636647
2003-04-24,0.863613661012
2003-04-25,0.857830533817
2003-04-28,0.890601587918
2003-04-29,0.903452981683
2003-04-30,0.913734096695
2003-05-01,0.922730072331
2003-05-02,0.928513199525
2003-05-05,1.0338946284
2003-05-06,1.12449695444
2003-05-07,1.13413549977
2003-05-08,1.15662543885
2003-05-09,1.1759025295
2003-05-12,1.1926093414
2003-05-13,1.19967760797
2003-05-14,1.19196677171
2003-05-15,1.2035330261
2003-05-16,1.20803101392
2003-05-19,1.16305113574
2003-05-20,1.1431314754
2003-05-21,1.14698689353
2003-05-22,1.17204711137
2003-05-23,1.17718766888
2003-05-27,1.21317157142
2003-05-28,1.17461739013
2003-05-29,1.16305113574
2003-05-30,1.15341259041
2003-06-02,1.121284106
2003-06-03,1.11228813037
2003-06-04,1.13092265132
2003-06-05,1.13349293008
2003-06-06,1.10200701535
2003-06-09,1.07887450658
2003-06-10,1.10393472442
2003-06-11,1.121284106
2003-06-12,1.14184633603
2003-06-13,1.11935639694
2003-06-16,1.17397482044
2003-06-17,1.16883426293
2003-06-18,1.22859324394
2003-06-19,1.22987838332
2003-06-20,1.23373380145
2003-06-23,1.22473782581
2003-06-24,1.20674587454
2003-06-25,1.22666553487
2003-06-26,1.23951692864
2003-06-27,1.2035330261
2003-06-30,1.22473782581
2003-07-01,1.22666553487
2003-07-02,1.23823178926
2003-07-03,1.22923581363
2003-07-07,1.27678597056
2003-07-08,1.31084216404
2003-07-09,1.27807110993
2003-07-10,1.2581514496
2003-07-11,1.27550083118
2003-07-14,1.27871367962
2003-07-15,1.26007915866
2003-07-16,1.27678597056
2003-07-17,1.34297064845
2003-07-18,1.34033611273
2003-07-21,1.32433612749
2003-07-22,1.33654495157
2003-07-23,1.33590238188
2003-07-24,1.31791043061
2003-07-25,1.3840951085
2003-07-28,1.34875377564
2003-07-29,1.33140439406
2003-07-30,1.30313132778
2003-07-31,1.35453690284
2003-08-01,1.33204696375
2003-08-04,1.36289030878
2003-08-05,1.30955702466
2003-08-06,1.26136429804
2003-08-07,1.28064138869
2003-08-08,1.26200686773
2003-08-11,1.26329200711
2003-08-12,1.26586228586
2003-08-13,1.29670563089
2003-08-14,1.28321166744
2003-08-15,1.26650485555
2003-08-18,1.30698674591
2003-08-19,1.30570160653
2003-08-20,1.35003891502
2003-08-21,1.39309108413
2003-08-22,1.34168550907
2003-08-25,1.3404003697
2003-08-26,1.35260919377
2003-08-27,1.38023969037
2003-08-28,1.42586213823
2003-08-29,1.45285006514
2003-09-02,1.46827173766
2003-09-03,1.47469743454
2003-09-04,1.46698659828
2003-09-05,1.44578179857
2003-09-08,1.46120347109
2003-09-09,1.43742839262
2003-09-10,1.42521956854
2003-09-11,1.4496372167
2003-09-12,1.48433597986
2003-09-15,1.42714727761
2003-09-16,1.43678582293
2003-09-17,1.42136415042
2003-09-18,1.47019944672
2003-09-19,1.45092235607
2003-09-22,1.41879387166
2003-09-23,1.44128381075
2003-09-24,1.36995857535
2003-09-25,1.3127698731
2003-09-26,1.32947668499
2003-09-29,1.36867343598
2003-09-30,1.33140439406
2003-10-01,1.33590238188
2003-10-02,1.32176584874
2003-10-03,1.39373365382
2003-10-06,1.43228783512
2003-10-07,1.49204681612
2003-10-08,1.48176570111
2003-10-09,1.50682591895
2003-10-10,1.52160502178
2003-10-13,1.5646571909
2003-10-14,1.57750858466
2003-10-15,1.59485796624
2003-10-16,1.49397452519
2003-10-17,1.46184604078
2003-10-20,1.49204681612
2003-10-21,1.48947653737
2003-10-22,1.46248861046
2003-10-23,1.47726771329
2003-10-24,1.45220749545
2003-10-27,1.45220749545
2003-10-28,1.52417530054
2003-10-29,1.52224759147
2003-10-30,1.48369341018
2003-10-31,1.47084201641
2003-11-03,1.48754882831
2003-11-04,1.47212715579
2003-11-05,1.47983799205
2003-11-06,1.48562111924
2003-11-07,1.44578179857
2003-11-10,1.40722761727
2003-11-11,1.3840951085
2003-11-12,1.43485811387
2003-11-13,1.44064124106
2003-11-14,1.37895455099
2003-11-17,1.35774975128
2003-11-18,1.31148473372
2003-11-19,1.31212087772
2003-11-20,1.30923573982
2003-11-21,1.30313132778
2003-11-24,1.35903489065
2003-11-25,1.32883411531
2003-11-26,1.33140439406
2003-11-28,1.34361321814
2003-12-01,1.3950187932
2003-12-02,1.3840951085
2003-12-03,1.3513240544
2003-12-04,1.35903489065
2003-12-05,1.33975780001
2003-12-08,1.35260919377
2003-12-09,1.31405501248
2003-12-10,1.30955702466
2003-12-11,1.36289030878
2003-12-12,1.34232807876
2003-12-15,1.29606306121
2003-12-16,1.29285021276
2003-12-17,1.27742854025
2003-12-18,1.28770965526
2003-12-19,1.26586228586
2003-12-22,1.27550083118
2003-12-23,1.27293055243
2003-12-24,1.31148473372
2003-12-26,1.33525981219
2003-12-29,1.35903489065
2003-12-30,1.3673882966
2003-12-31,1.3731714238
2004-01-02,1.3673882966
2004-01-05,1.42457699886
2004-01-06,1.41943644135
2004-01-07,1.45156492576
2004-01-08,1.50104279176
2004-01-09,1.47791028298
2004-01-12,1.52481787022
2004-01-13,1.54987808807
2004-01-14,1.55501864557
2004-01-15,1.46827173766
2004-01-16,1.45991833171
2004-01-20,1.4605609014
2004-01-21,1.45285006514
2004-01-22,1.42521956854
2004-01-23,1.4496372167
2004-01-26,1.47855285267
2004-01-27,1.4824082708
2004-01-28,1.44706693795
2004-01-29,1.45734805296
2004-01-30,1.4496372167
2004-02-02,1.43421554418
2004-02-03,1.43036012605
2004-02-04,1.4001593507
2004-02-05,1.44064124106
2004-02-06,1.45927576202
2004-02-09,1.45651271236
2004-02-10,1.4766251436
2004-02-11,1.52931585804
2004-02-12,1.52481787022
2004-02-13,1.47791028298
2004-02-17,1.48819139799
2004-02-18,1.49461709488
2004-02-19,1.4438540895
2004-02-20,1.43935610169
2004-02-23,1.42586213823
2004-02-24,1.43678582293
2004-02-25,1.4657014589
2004-02-26,1.48048056173
2004-02-27,1.5370266943
2004-03-01,1.54345239118
2004-03-02,1.52995842773
2004-03-03,1.5370266943
2004-03-04,1.61670533564
2004-03-05,1.71823134639
2004-03-08,1.67068118946
2004-03-09,1.74136385516
2004-03-10,1.77863289708
2004-03-11,1.74457670361
2004-03-12,1.77092206082
2004-03-15,1.69959682543
2004-03-16,1.65911493507
2004-03-17,1.68289001353
2004-03-18,1.64947638974
2004-03-19,1.66168521382
2004-03-22,1.66168521382
2004-03-23,1.62505874159
2004-03-24,1.63855270504
2004-03-25,1.72658475234
2004-03-26,1.73750843704
2004-03-29,1.79341199991
2004-03-30,1.7940545696
2004-03-31,1.73750843704
2004-04-01,1.74200642485
2004-04-02,1.7670666427
2004-04-05,1.81975735713
2004-04-06,1.78827144241
2004-04-07,1.75485781862
2004-04-08,1.76899435176
2004-04-12,1.80176540586
2004-04-13,1.73044017046
2004-04-14,1.71180564951
2004-04-15,1.88272918658
2004-04-16,1.87501835032
2004-04-19,1.8216850662
2004-04-20,1.78184574553
2004-04-21,1.78184574553
2004-04-22,1.78505859397
2004-04-23,1.77991803646
2004-04-26,1.74329156423
2004-04-27,1.73108274015
2004-04-28,1.69959682543
2004-04-29,1.72015905545
2004-04-30,1.65654465632
2004-05-03,1.67517917727
2004-05-04,1.67967716509
2004-05-05,1.71244821919
2004-05-06,1.70795023138
2004-05-07,1.71373335857
2004-05-10,1.68867314073
2004-05-11,1.74393413392
2004-05-12,1.75421524893
2004-05-13,1.74714698236
2004-05-14,1.73879357641
2004-05-17,1.71180564951
2004-05-18,1.73879357641
2004-05-19,1.70088196481
2004-05-20,1.71630363732
2004-05-21,1.74200642485
2004-05-24,1.75678552768
2004-05-25,1.82554048433
2004-05-26,1.83196618121
2004-05-27,1.81011881181
2004-05-28,1.80305054524
2004-06-01,1.80305054524
2004-06-02,1.85831153843
2004-06-03,1.82489791464
2004-06-04,1.84931556279
2004-06-07,1.91550024068
2004-06-08,1.95019900385
2004-06-09,1.94056045852
2004-06-10,1.97525922169
2004-06-14,1.93541990102
2004-06-15,1.97204637325
2004-06-16,2.10377315934
2004-06-17,2.10827114716
2004-06-18,2.11469684404
2004-06-21,2.07742780212
2004-06-22,2.12047997123
2004-06-23,2.16545984941
2004-06-24,2.13204622562
2004-06-25,2.16545984941
2004-06-28,2.08770891713
2004-06-29,2.08835148682
2004-06-30,2.09092176557
2004-07-01,2.07550009306
2004-07-02,1.99710659109
2004-07-06,1.98875318514
2004-07-07,1.9527692826
2004-07-08,1.93670504039
2004-07-09,1.92963677382
2004-07-12,1.87244807157
2004-07-13,1.87758862907
2004-07-14,1.90072113785
2004-07-15,2.11598198342
2004-07-16,2.06907439617
2004-07-19,2.05429529334
2004-07-20,2.06907439617
2004-07-21,2.03180535426
2004-07-22,2.03566077238
2004-07-23,1.97268894294
2004-07-26,2.00867284548
2004-07-27,2.083853499
2004-07-28,2.07357238399
2004-07-29,2.09734746246
2004-07-30,2.07807037181
2004-08-02,2.0292350755
2004-08-03,2.01060055454
2004-08-04,2.04272903896
2004-08-05,2.01702625143
2004-08-06,1.91357253162
2004-08-09,1.94698615541
2004-08-10,2.02537965737
2004-08-11,1.99260860327
2004-08-12,1.95148414322
2004-08-13,1.98168491857
2004-08-16,1.97782950044
2004-08-17,1.98361262764
2004-08-18,2.03951619051
2004-08-19,1.97333151262
2004-08-20,1.97911463982
2004-08-23,1.99710659109
2004-08-24,2.05301015397
2004-08-25,2.12369281968
2004-08-26,2.22714653948
2004-08-27,2.20722687915
2004-08-30,2.19244777632
2004-08-31,2.21622285478
2004-09-01,2.30425490207
2004-09-02,2.29140350831
2004-09-03,2.26377301171
2004-09-07,2.29782920519
2004-09-08,2.3357408168
2004-09-09,2.29397378706
2004-09-10,2.30489747176
2004-09-13,2.28690552049
2004-09-14,2.28047982361
2004-09-15,2.26184530265
2004-09-16,2.3357408168
2004-09-17,2.38650382217
2004-09-20,2.4231302944
2004-09-21,2.44240738505
2004-09-22,2.37236728903
2004-09-23,2.39485722812
2004-09-24,2.39614236749
2004-09-27,2.41156404001
2004-09-28,2.44433509411
2004-09-29,2.48545955416
2004-09-30,2.48995754198
2004-10-01,2.48481698447
2004-10-04,2.49252782073
2004-10-05,2.52979686265
2004-10-06,2.61140321306
2004-10-07,2.54586110486
2004-10-08,2.50987720232
2004-10-11,2.47967642697
2004-10-12,2.46039933632
2004-10-13,2.5542145108
2004-10-14,2.89027845776
2004-10-15,2.92369208155
2004-10-18,3.06827026141
2004-10-19,3.04706546169
2004-10-20,3.05027831014
2004-10-21,3.08047908548
2004-10-22,3.04642289201
2004-10-25,3.05541886764
2004-10-26,3.08240679455
2004-10-27,3.23212553191
2004-10-28,3.35357120299
2004-10-29,3.36706516644
2004-11-01,3.37027801489
2004-11-02,3.43774783215
2004-11-03,3.55405294573
2004-11-04,3.49879195254
2004-11-05,3.51614133412
2004-11-08,3.49429396472
2004-11-09,3.47308916501
2004-11-10,3.51806904318
2004-11-11,3.55341037604
2004-11-12,3.5662617698
2004-11-15,3.54955495791
2004-11-16,3.52995658242
2004-11-17,3.52770758851
2004-11-18,3.55919350323
2004-11-19,3.54505697009
2004-11-22,3.94216503743
2004-11-23,3.93702447992
2004-11-24,4.11565885326
2004-11-26,4.14778733767
2004-11-29,4.3977469464
2004-11-30,4.30842975973
2004-12-01,4.35597991667
2004-12-02,4.1901969371
2004-12-03,4.02762680597
2004-12-06,4.22682340933
2004-12-07,4.04112076942
2004-12-08,4.06618098726
2004-12-09,4.11180343513
2004-12-10,4.18634151897
2004-12-13,4.17091984645
2004-12-14,4.1953374946
2004-12-15,4.19340978554
2004-12-16,4.27925709589
2004-12-17,4.17606040395
2004-12-20,4.03019708472
2004-12-21,4.09252634448
2004-12-22,4.09638176261
2004-12-23,4.11308857451
2004-12-27,4.058470151
2004-12-28,4.12401225921
2004-12-29,4.1407190711
2004-12-30,4.16385157988
2004-12-31,4.13814879235
2005-01-03,4.06682355695
2005-01-04,4.10859058669
2005-01-05,4.14457448923
2005-01-06,4.14778733767
2005-01-07,4.44979509115
2005-01-10,4.43116057019
2005-01-11,4.14842990736
2005-01-12,4.2062611793
2005-01-13,4.485136424
2005-01-14,4.51083921153
2005-01-18,4.53975484751
2005-01-19,4.49027698151
2005-01-20,4.52754602343
2005-01-21,4.52947373249
2005-01-24,4.54682311408
2005-01-25,4.62971460386
2005-01-26,4.64256599763
2005-01-27,4.66762621547
2005-01-28,4.75373055369
2005-01-31,4.94136090266
2005-02-01,4.98184279302
2005-02-02,5.11678242756
2005-02-03,4.99983474429
2005-02-04,5.06601942218
2005-02-07,5.07244511907
2005-02-08,5.19838877797
2005-02-09,5.0595937253
2005-02-10,5.03517607715
2005-02-11,5.2183084383
2005-02-14,5.43806727168
2005-02-15,5.68095861384
2005-02-16,5.79148060022
2005-02-17,5.64240443255
2005-02-18,5.57814746372
2005-02-22,5.48047687111
2005-02-23,5.66939235945
2005-02-24,5.71437223763
2005-02-25,5.71822765576
2005-02-28,5.765135243
2005-03-01,5.71887022545
2005-03-02,5.67016344308
2005-03-03,5.37059745442
2005-03-04,5.50168167082
2005-03-07,5.49397083456
2005-03-08,5.20866989298
2005-03-09,5.05702344655
2005-03-10,5.11871013662
2005-03-11,5.17525626919
2005-03-14,5.18168196607
2005-03-15,5.26393088617
2005-03-16,5.29220395245
2005-03-17,5.42971386574
2005-03-18,5.52095876147
2005-03-21,5.61605907533
2005-03-22,5.50425194957
2005-03-23,5.46826804703
2005-03-24,5.46184235015
2005-03-28,5.46569776828
2005-03-29,5.36545689691
2005-03-30,5.50039653144
2005-03-31,5.3551757819
2005-04-01,5.25493491053
2005-04-04,5.28063769806
2005-04-05,5.38344884818
2005-04-06,5.43999498075
2005-04-07,5.59806712406
2005-04-08,5.62119963284
2005-04-11,5.38730426631
2005-04-12,5.48240458017
2005-04-13,5.27421200118
2005-04-14,4.78842931686
2005-04-15,4.54296769595
2005-04-18,4.57766645911
2005-04-19,4.76658194746
2005-04-20,4.56352992597
2005-04-21,4.77300764434
2005-04-22,4.56224478659
2005-04-25,4.75244541432
2005-04-26,4.65091940357
2005-04-27,4.62007605854
2005-04-28,4.5673853441
2005-04-29,4.63421259168
2005-05-02,4.68176274861
2005-05-03,4.65348968233
2005-05-04,4.77429278372
2005-05-05,4.71389123302
2005-05-06,4.78585903811
2005-05-09,4.75116027494
2005-05-10,4.68047760923
2005-05-11,4.57638131974
2005-05-12,4.38618069201
2005-05-13,4.46842961211
2005-05-16,4.56867048348
2005-05-17,4.54425283532
2005-05-18,4.6059395254
2005-05-19,4.82569835878
2005-05-20,4.82569835878
2005-05-23,5.10971416099
2005-05-24,5.10200332473
2005-05-25,5.11228443974
2005-05-26,5.23565781988
2005-05-27,5.21252531111
2005-05-31,5.10962420123
2005-06-01,5.17911168732
2005-06-02,5.14569806353
2005-06-03,4.91437297576
2005-06-06,4.87324851571
2005-06-07,4.69589928175
2005-06-08,4.74473457806
2005-06-09,4.83854975254
2005-06-10,4.60208410727
2005-06-13,4.61365036165
2005-06-14,4.62650175542
2005-06-15,4.77172250497
2005-06-16,4.88095935197
2005-06-17,4.92336895139
2005-06-20,4.83340919504
2005-06-21,4.86553767945
2005-06-22,4.95421229643
2005-06-23,4.99790703523
2005-06-24,4.85268628569
2005-06-27,4.76786708684
2005-06-28,4.79485501374
2005-06-29,4.67405191235
2005-06-30,4.73059804492
2005-07-01,4.69075872425
2005-07-05,4.88095935197
2005-07-06,4.80513612875
2005-07-07,4.83597947379
2005-07-08,4.91565811513
2005-07-11,4.89638102449
2005-07-12,4.91437297576
2005-07-13,4.9285095089
2005-07-14,5.23694295926
2005-07-15,5.33975410938
2005-07-18,5.33204327312
2005-07-19,5.55051696713
2005-07-20,5.60706309969
2005-07-21,5.56336836089
2005-07-22,5.65461325662
2005-07-25,5.63019560847
2005-07-26,5.60706309969
2005-07-27,5.65332811725
2005-07-28,5.62891046909
2005-07-29,5.4811194408
2005-08-01,5.49397083456
2005-08-02,5.55051696713
2005-08-03,5.55437238526
2005-08-04,5.48883027706
2005-08-05,5.5248141796
2005-08-08,5.4811194408
2005-08-09,5.63148074785
2005-08-10,5.57493461528
2005-08-11,5.65461325662
2005-08-12,5.92449252569
2005-08-15,6.12754454718
2005-08-16,5.94376961634
2005-08-17,6.05943216022
2005-08-18,5.95019531322
2005-08-19,5.88979376252
2005-08-22,5.89493432003
2005-08-23,5.87822750814
2005-08-24,5.88208292627
2005-08-25,5.91935196818
2005-08-26,5.87822750814
2005-08-29,5.8910789019
2005-08-30,5.98489407639
2005-08-31,6.02601853643
2005-09-01,5.94505475571
2005-09-02,5.93991419821
2005-09-06,6.27148015735
2005-09-07,6.25605848483
2005-09-08,6.39742381624
2005-09-09,6.59405014085
2005-09-12,6.60561639524
2005-09-13,6.5310783114
2005-09-14,6.37557644684
2005-09-15,6.40899007063
2005-09-16,6.58119874708
2005-09-19,6.76497367793
2005-09-20,6.83565634363
2005-09-21,6.69686129097
2005-09-22,6.66987336406
2005-09-23,6.83694148301
2005-09-26,6.91919040311
2005-09-27,6.86778482805
2005-09-28,6.56449193519
2005-09-29,6.72641949663
2005-09-30,6.88963219745
2005-10-03,6.9962987657
2005-10-04,6.90762414872
2005-10-05,6.78297848059
2005-10-06,6.64417057653
2005-10-07,6.59276500147
2005-10-10,6.47324703946
2005-10-11,6.63003404339
2005-10-12,6.32931142929
2005-10-13,6.90633900934
2005-10-14,6.93975263313
2005-10-17,6.86778482805
2005-10-18,6.70971268474
2005-10-19,7.06055573452
2005-10-20,7.2147724597
2005-10-21,7.15308576963
2005-10-24,7.29830651918
2005-10-25,7.2096319022
2005-10-26,7.32914986421
2005-10-27,7.12095728522
2005-10-28,7.00015418383
2005-10-31,7.4011176693
2005-11-01,7.38955141491
2005-11-02,7.70441056215
2005-11-03,7.94857419229
2005-11-04,7.85862728733
2005-11-07,7.74039446469
2005-11-08,7.69798486527
2005-11-09,7.72497279217
2005-11-10,7.86248270546
2005-11-11,7.90874772302
2005-11-14,7.89718146863
2005-11-15,8.00384803688
2005-11-16,8.3469802504
2005-11-17,8.29171925721
2005-11-18,8.29685981472
2005-11-21,8.34826538978
2005-11-22,8.54874713252
2005-11-23,8.62457035573
2005-11-25,8.91115643669
2005-11-28,8.95228089674
2005-11-29,8.751799154
2005-11-30,8.71581525146
2005-12-01,9.20161078717
2005-12-02,9.33396729156
2005-12-05,9.22987100206
2005-12-06,9.51645708302
2005-12-07,9.50360568926
2005-12-08,9.52031250115
2005-12-09,9.55250524253
2005-12-12,9.6269790694
2005-12-13,9.63597504504
2005-12-14,9.25428865022
2005-12-15,9.27613601962
2005-12-16,9.13862610633
2005-12-19,9.1733248695
2005-12-20,9.26714004398
2005-12-21,9.44577441732
2005-12-22,9.51260166489
2005-12-23,9.42649732667
2005-12-27,9.5395895918
2005-12-28,9.45477039295
2005-12-29,9.18232084513
2005-12-30,9.2388669777
2006-01-03,9.60641683938
2006-01-04,9.63468990566
2006-01-05,9.55886668245
2006-01-06,9.80561344274
2006-01-09,9.77348495832
2006-01-10,10.3916369984
2006-01-11,10.7823193689
2006-01-12,10.8325683185
2006-01-13,10.9994950721
2006-01-17,10.8864285098
2006-01-18,10.6011275682
2006-01-19,10.1570990622
2006-01-20,9.77849700189
2006-01-23,9.98167753732
2006-01-24,9.77219981895
2006-01-25,9.53573417367
2006-01-26,9.29541311026
2006-01-27,9.25685892897
2006-01-30,9.63854532379
2006-01-31,9.70408743199
2006-02-01,9.6925211776
2006-02-02,9.26585490461
2006-02-03,9.23334087838
2006-02-06,8.64898800388
2006-02-07,8.68754218518
2006-02-08,8.84304404973
2006-02-09,8.3469802504
2006-02-10,8.65027314326
2006-02-13,8.31613690537
2006-02-14,8.69332531237
2006-02-15,8.89573476417
2006-02-16,9.06922858
2006-02-17,9.03324467746
2006-02-21,8.8777428129
2006-02-22,9.16561403324
2006-02-23,9.22087502643
2006-02-24,9.18360598451
2006-02-27,9.12320443381
2006-02-28,8.80191958969
2006-03-01,8.88031309165
2006-03-02,8.94585519986
2006-03-03,8.7029638577
2006-03-06,8.41509263736
2006-03-07,8.52175920561
2006-03-08,8.43822514614
2006-03-09,8.215896034
2006-03-10,8.12079572014
2006-03-13,8.44079542489
2006-03-14,8.65155828264
2006-03-15,8.5114780906
2006-03-16,8.26473133031
2006-03-17,8.30971120848
2006-03-20,8.22360687026
2006-03-21,7.94344648618
2006-03-22,7.92545453491
2006-03-23,7.73139848906
2006-03-24,7.70569570153
2006-03-27,7.64786442958
2006-03-28,7.54505327946
2006-03-29,8.01027373376
2006-03-30,8.06424958757
2006-03-31,8.06039416944
2006-04-03,8.05139819381
2006-04-04,7.86119756608
2006-04-05,8.63742174949
2006-04-06,9.15533291823
2006-04-07,8.96898770863
2006-04-10,8.82505209846
2006-04-11,8.73766262086
2006-04-12,8.57316478067
2006-04-13,8.54219292169
2006-04-17,8.32911681307
2006-04-18,8.51019295122
2006-04-19,8.43694000676
2006-04-20,8.69139760331
2006-04-21,8.61557438009
2006-04-24,8.44979140052
2006-04-25,8.50376725434
2006-04-26,8.75822485089
2006-04-27,8.91372671544
2006-04-28,9.04609607122
2006-05-01,8.94457006048
2006-05-02,9.20416821453
2006-05-03,9.14248152446
2006-05-04,9.14119638508
2006-05-05,9.2388669777
2006-05-08,9.2388669777
2006-05-09,9.12834499132
2006-05-10,9.07308399813
2006-05-11,8.75822485089
2006-05-12,8.70039357894
2006-05-15,8.71195983333
2006-05-16,8.35083566853
2006-05-17,8.38681957108
2006-05-18,8.11951058076
2006-05-19,8.29043411784
2006-05-22,8.14521336829
2006-05-23,8.11565516263
2006-05-24,8.14007281079
2006-05-25,8.26730160906
2006-05-26,8.16693222376
2006-05-30,7.86762326297
2006-05-31,7.68127805337
2006-06-01,7.98971150374
2006-06-02,7.92416939553
2006-06-05,7.71083625903
2006-06-06,7.6752378983
2006-06-07,7.5264187585
2006-06-08,7.80850685165
2006-06-09,7.64914956896
2006-06-12,7.32529444608
2006-06-13,7.49621798316
2006-06-14,7.40368794805
2006-06-15,7.63115761769
2006-06-16,7.39726225117
2006-06-19,7.35099723361
2006-06-20,7.38569599678
2006-06-21,7.43581643246
2006-06-22,7.65686040522
2006-06-23,7.56047495198
2006-06-26,7.58103718201
2006-06-27,7.38055543927
2006-06-28,7.19935078718
2006-06-29,7.57846690325
2006-06-30,7.35999320925
2006-07-03,7.44738268685
2006-07-05,7.32548721699
2006-07-06,7.16722230277
2006-07-07,7.11967214584
2006-07-10,7.06826657078
2006-07-11,7.15180063025
2006-07-12,6.80609813797
2006-07-13,6.71485324224
2006-07-14,6.51180122075
2006-07-17,6.73027491476
2006-07-18,6.79838730171
2006-07-19,6.9526040269
2006-07-20,7.77509322786
2006-07-21,7.80336629414
2006-07-24,7.8933260505
2006-07-25,7.95861113082
2006-07-26,8.20818519774
2006-07-27,8.14778364705
2006-07-28,8.4292291705
2006-07-31,8.73380720273
2006-08-01,8.63356633136
2006-08-02,8.75950999026
2006-08-03,8.9432849211
2006-08-04,8.77750194153
2006-08-07,8.63742174949
2006-08-08,8.325132881
2006-08-09,8.1722012952
2006-08-10,8.23388798527
2006-08-11,8.17991213146
2006-08-14,8.21718117338
2006-08-15,8.53975115688
2006-08-16,8.73637748148
2006-08-17,8.6862570458
2006-08-18,8.72738150585
2006-08-21,8.55388769002
2006-08-22,8.69011246393
2006-08-23,8.65027314326
2006-08-24,8.71453011208
2006-08-25,8.83533321348
2006-08-28,8.60786354383
2006-08-29,8.54360657501
2006-08-30,8.60529326508
2006-08-31,8.71967066959
2006-09-01,8.78778305655
2006-09-05,9.18617626326
2006-09-06,8.99983105367
2006-09-07,9.35581466096
2006-09-08,9.31983075842
2006-09-11,9.31726047967
2006-09-12,9.33396729156
2006-09-13,9.53573417367
2006-09-14,9.53187875554
2006-09-15,9.52288277991
2006-09-18,9.495894853
2006-09-19,9.48047318048
2006-09-20,9.67195894758
2006-09-21,9.59356544561
2006-09-22,9.38151744849
2006-09-25,9.73493077703
2006-09-26,9.97396670106
2006-09-27,9.81974997588
2006-09-28,9.89685833847
2006-09-29,9.89300292034
2006-10-02,9.62055337252
2006-10-03,9.51902736178
2006-10-04,9.6873806201
2006-10-05,9.61669795439
2006-10-06,9.53830445242
2006-10-09,9.59099516686
2006-10-10,9.48561373799
2006-10-11,9.41107565415
2006-10-12,9.67195894758
2006-10-13,9.64111560254
2006-10-16,9.68995089885
2006-10-17,9.54730042806
2006-10-18,9.5781437731
2006-10-19,10.151315935
2006-10-20,10.2746893152
2006-10-23,10.468745361
2006-10-24,10.4160546466
2006-10-25,10.4970184273
2006-10-26,10.5625605355
2006-10-27,10.3338057265
2006-10-30,10.3350908659
2006-10-31,10.4199100647
2006-11-01,10.1731633044
2006-11-02,10.1500307956
2006-11-03,10.0613561787
2006-11-06,10.2438459701
2006-11-07,10.3466571202
2006-11-08,10.5959741593
2006-11-09,10.7103515638
2006-11-10,10.6820784975
2006-11-13,10.8401506408
2006-11-14,10.9236847003
2006-11-15,10.8015964595
2006-11-16,11.0020782023
2006-11-17,11.0329215473
2006-11-20,11.1126001886
2006-11-21,11.3863348758
2006-11-22,11.6060937092
2006-11-24,11.7757321069
2006-11-27,11.5071379772
2006-11-28,11.7988646157
2006-11-29,11.7975794763
2006-11-30,11.779587525
2006-12-01,11.7358927862
2006-12-04,11.7101899987
2006-12-05,11.7294670894
2006-12-06,11.5444070191
2006-12-07,11.1858531331
2006-12-08,11.342640137
2006-12-11,11.4056119665
2006-12-12,11.0701905892
2006-12-13,11.4441661478
2006-12-14,11.379909179
2006-12-15,11.2732426107
2006-12-18,10.984086251
2006-12-19,11.0920379586
2006-12-20,10.8928413553
2006-12-21,10.6538054312
2006-12-22,10.5638456749
2006-12-26,10.4751710579
2006-12-27,10.4764561973
2006-12-28,10.3929221378
2006-12-29,10.9031224703
2007-01-03,10.7694679751
2007-01-04,11.0085038991
2007-01-05,10.9301103972
2007-01-08,10.984086251
2007-01-09,11.8965352083
2007-01-10,12.4658519521
2007-01-11,12.3116352269
2007-01-12,12.1599887805
2007-01-16,12.4787033459
2007-01-17,12.2023983799
2007-01-18,11.4467364265
2007-01-19,11.3734834821
2007-01-22,11.1537246487
2007-01-23,11.0136444567
2007-01-24,11.1421583943
2007-01-25,11.0843271224
2007-01-26,10.9725199966
2007-01-29,11.0444878017
2007-01-30,10.994367366
2007-01-31,11.0174998748
2007-02-01,10.8902710765
2007-02-02,10.8915562159
2007-02-05,10.7874599264
2007-02-06,10.8144478533
2007-02-07,11.0714757286
2007-02-08,11.0753311467
2007-02-09,10.7013555882
2007-02-12,10.9082630278
2007-02-13,10.885130519
2007-02-14,10.9622388816
2007-02-15,10.9506726272
2007-02-16,10.9018373309
2007-02-20,11.0393472442
2007-02-21,11.4634432384
2007-02-22,11.5032825591
2007-02-23,11.4467364265
2007-02-26,11.3927605727
2007-02-27,10.786174787
2007-02-28,10.8735642646
2007-03-01,11.1884234119
2007-03-02,10.9763754147
2007-03-05,11.0933102466
2007-03-06,11.3336441614
2007-03-07,11.2732426107
2007-03-08,11.3092265132
2007-03-09,11.3053710951
2007-03-12,11.5495475767
2007-03-13,11.3606320883
2007-03-14,11.5662543885
2007-03-15,11.5109933954
2007-03-16,11.5135636741
2007-03-19,11.7114751381
2007-03-20,11.7564550163
2007-03-21,12.0636033273
2007-03-22,12.0751695816
2007-03-23,12.0186234491
2007-03-26,12.3180609238
2007-03-27,12.2679404881
2007-03-28,11.9826395465
2007-03-29,12.0481816547
2007-03-30,11.9402299471
2007-04-02,12.035330261
2007-04-03,12.144567108
2007-04-04,12.1150089023
2007-04-05,12.1676996168
2007-04-09,12.035330261
2007-04-10,12.1124386236
2007-04-11,11.8991054871
2007-04-12,11.847699912
2007-04-13,11.5970977336
2007-04-16,11.7500293194
2007-04-17,11.6112342667
2007-04-18,11.6176599636
2007-04-19,11.6009531517
2007-04-20,11.6909129081
2007-04-23,12.0173383097
2007-04-24,11.9826395465
2007-04-25,12.2535469271
2007-04-26,12.7023175974
2007-04-27,12.84111265
2007-04-30,12.8256909775
2007-05-01,12.7832813781
2007-05-02,12.9015142007
2007-05-03,12.9027993401
2007-05-04,12.9554900546
2007-05-07,13.3551684006
2007-05-08,13.5016742896
2007-05-09,13.7355696561
2007-05-10,13.7946860674
2007-05-11,13.9746055801
2007-05-14,14.0542842215
2007-05-15,13.8178185762
2007-05-16,13.7946860674
2007-05-17,14.0645653365
2007-05-18,14.1391034203
2007-05-21,14.3909907381
2007-05-22,14.5914724808
2007-05-23,14.5079384214
2007-05-24,14.2252077585
2007-05-25,14.6017535959
2007-05-29,14.6955687703
2007-05-30,15.2636003748
2007-05-31,15.5747326178
2007-06-01,15.2160502178
2007-06-04,15.5925960551
2007-06-05,15.7648047316
2007-06-06,15.8894632511
2007-06-07,15.9445957304
2007-06-08,15.9987000981
2007-06-11,15.4460901662
2007-06-12,15.4705078144
2007-06-13,15.1003876739
2007-06-14,15.261030096
2007-06-15,15.4859294869
2007-06-18,16.0758084607
2007-06-19,15.8920335299
2007-06-20,15.6208691214
2007-06-21,15.9228768749
2007-06-22,15.807214331
2007-06-25,15.7223951322
2007-06-26,15.3766926399
2007-06-27,15.6645638602
2007-06-28,15.4936403232
2007-06-29,15.6838409509
2007-07-02,15.5836000795
2007-07-03,16.343117451
2007-07-05,17.0602252231
2007-07-06,17.0023939512
2007-07-09,16.7492343454
2007-07-10,17.0088196481
2007-07-11,17.0139602056
2007-07-12,17.2298507694
2007-07-13,17.7002246326
2007-07-16,17.7477747895
2007-07-17,17.8518582276
2007-07-18,17.7503450683
2007-07-19,17.9919512711
2007-07-20,18.4738785373
2007-07-23,18.4674528404
2007-07-24,17.3352321983
2007-07-25,17.6398230819
2007-07-26,18.763034897
2007-07-27,18.486729931
2007-07-30,18.1757262019
2007-07-31,16.9329964248
2007-08-01,17.3493815828
2007-08-02,17.5408673499
2007-08-03,16.9445498278
2007-08-06,17.3815100672
2007-08-07,17.3532498523
2007-08-08,17.2221527846
2007-08-09,16.2428765797
2007-08-10,16.0642422063
2007-08-13,16.4227960924
2007-08-14,15.9395836868
2007-08-15,15.4088211243
2007-08-16,15.042556402
2007-08-17,15.6864112296
2007-08-20,15.7069734597
2007-08-21,16.3945230261
2007-08-22,17.0293818781
2007-08-23,16.8443218079
2007-08-24,17.3879357641
2007-08-27,16.9959682543
2007-08-28,16.2981375728
2007-08-29,17.2311487602
2007-08-30,17.5100240049
2007-08-31,17.7966100858
2007-09-04,18.5265692517
2007-09-05,17.5755661131
2007-09-06,17.3506667222
2007-09-07,16.9342815642
2007-09-10,17.5691404162
2007-09-11,17.4123534123
2007-09-12,17.5871323675
2007-09-13,17.6321122457
2007-09-14,17.8390196853
2007-09-17,17.7876141102
2007-09-18,18.1101840937
2007-09-19,18.0908941517
2007-09-20,18.0317905917
2007-09-21,18.5252841123
2007-09-24,19.0560466748
2007-09-25,19.6857649693
2007-09-26,19.6330742549
2007-09-27,19.855403367
2007-09-28,19.7230340112
2007-10-01,20.0917404983
2007-10-02,20.3630334207
2007-10-03,20.2949338852
2007-10-04,20.0790176185
2007-10-05,20.7485623823
2007-10-08,21.5787752709
2007-10-09,21.572349574
2007-10-10,21.4348396607
2007-10-11,20.848816105
2007-10-12,21.4944315736
2007-10-15,21.4592573089
2007-10-16,21.7933935468
2007-10-17,22.2007827291
2007-10-18,22.2971681824
2007-10-19,21.9013452544
2007-10-22,22.4076901688
2007-10-23,23.924154633
2007-10-24,23.8945964274
2007-10-25,23.4897775238
2007-10-26,23.7365242841
2007-10-29,23.7866447197
2007-10-30,24.0321063407
2007-10-31,24.4112224567
2007-11-01,24.0886524732
2007-11-02,24.1439134664
2007-11-05,23.9267249118
2007-11-06,24.647688102
2007-11-07,23.9421337329
2007-11-08,22.549865138
2007-11-09,21.2523498693
2007-11-12,19.7603030531
2007-11-13,21.8422288431
2007-11-14,21.3474501831
2007-11-15,21.114839956
2007-11-16,21.3834340857
2007-11-19,21.0698600778
2007-11-20,21.6995783723
2007-11-21,21.6494579366
2007-11-23,22.0452808646
2007-11-26,22.1740389787
2007-11-27,22.4655214407
2007-11-28,23.1607818434
2007-11-29,23.6838335696
2007-11-30,23.4178097187
2007-12-03,22.9860028882
2007-12-04,23.1080911289
2007-12-05,23.8393354342
2007-12-06,24.4115822957
2007-12-07,24.9702580855
2007-12-10,24.9586918311
2007-12-11,24.2300692102
2007-12-12,24.52817014
2007-12-13,24.6528286595
2007-12-14,24.4677685893
2007-12-17,23.6979701028
2007-12-18,23.5154803113
2007-12-19,23.5334722626
2007-12-20,24.0590942676
2007-12-21,24.9201376498
2007-12-24,25.5485708049
2007-12-26,25.5678478956
2007-12-27,25.5190125993
2007-12-28,25.6809401607
2007-12-31,25.4560407698
2008-01-02,25.0396556118
2008-01-03,25.0512218662
2008-01-04,23.138934474
2008-01-07,22.8292158842
2008-01-08,22.0080118227
2008-01-09,23.0554004145
2008-01-10,22.8780511806
2008-01-11,22.1930718929
2008-01-14,22.9757217732
2008-01-15,21.7239960204
2008-01-16,20.5159650065
2008-01-17,20.6766074286
2008-01-18,20.7370089793
2008-01-22,20.0019092559
2008-01-23,17.8726903369
2008-01-24,17.4264899454
2008-01-25,16.7080970339
2008-01-28,16.7080970339
2008-01-29,16.9047233586
2008-01-30,16.9869722787
2008-01-31,17.3956466004
2008-02-01,17.1887391608
2008-02-04,16.9188598917
2008-02-05,16.6245629745
2008-02-06,15.6787003934
2008-02-07,15.5810298008
2008-02-08,16.1259288964
2008-02-11,16.6361292289
2008-02-12,16.046250255
2008-02-13,16.629703532
2008-02-14,16.3803864929
2008-02-15,16.0166920494
2008-02-19,15.7018329021
2008-02-20,15.9125957599
2008-02-21,15.619583982
2008-02-22,15.3522749917
2008-02-25,15.3882588943
2008-02-26,15.3124356711
2008-02-27,15.8020737735
2008-02-28,16.6952456402
2008-02-29,16.0668124851
2008-03-03,15.6440016302
2008-03-04,16.01540691
2008-03-05,15.9986872467
2008-03-06,15.5411904801
2008-03-07,15.7108288778
2008-03-10,15.3818331974
2008-03-11,16.3662628112
2008-03-12,16.1966115621
2008-03-13,16.442073183
2008-03-14,16.2711496459
2008-03-17,16.2865713185
2008-03-18,17.0692211987
2008-03-19,16.6644022951
2008-03-20,17.1270524707
2008-03-24,17.9315497204
2008-03-25,18.11789493
2008-03-26,18.6422317956
2008-03-27,18.0240797555
2008-03-28,18.3787782234
2008-03-31,18.4417500529
2008-04-01,19.2167019483
2008-04-02,18.9545206641
2008-04-03,19.4839980872
2008-04-04,19.6729135755
2008-04-07,20.0340377403
2008-04-08,19.6420702305
2008-04-09,19.4621507178
2008-04-10,19.8618290639
2008-04-11,18.9095407859
2008-04-14,18.991789706
2008-04-15,19.0688980686
2008-04-16,19.7525922169
2008-04-17,19.8541182276
2008-04-18,20.6958845192
2008-04-21,21.6109037553
2008-04-22,20.5879328116
2008-04-23,20.9336353039
2008-04-24,21.7111446267
2008-04-25,21.8126706374
2008-04-28,22.1352406209
2008-04-29,22.4963647857
2008-04-30,22.3549994543
2008-05-01,23.1325087771
2008-05-02,23.2533118785
2008-05-05,23.7403797022
2008-05-06,23.9884116019
2008-05-07,23.4653598756
2008-05-08,23.7827893016
2008-05-09,23.575881862
2008-05-12,24.1811825083
2008-05-13,24.4125075961
2008-05-14,23.9370060268
2008-05-15,24.3829493904
2008-05-16,24.1117978334
2008-05-19,23.5951589526
2008-05-20,23.8907410092
2008-05-21,22.89989855
2008-05-22,22.753392661
2008-05-23,23.2828700842
2008-05-27,23.9588533962
2008-05-28,24.03339148
2008-05-29,23.99226702
2008-05-30,24.2570057315
2008-06-02,23.9164437968
2008-06-03,23.8226286223
2008-06-04,23.7994961135
2008-06-05,24.3443952091
2008-06-06,23.8573273854
2008-06-09,23.3394162167
2008-06-10,23.8573273854
2008-06-11,23.2366050666
2008-06-12,22.2663248373
2008-06-13,22.1519474328
2008-06-16,22.7264047341
2008-06-17,23.3162837079
2008-06-18,22.971866355
2008-06-19,23.248171321
2008-06-20,22.524637852
2008-06-23,22.2534734436
2008-06-24,22.265039698
2008-06-25,22.7970873998
2008-06-26,21.6237551491
2008-06-27,21.858935655
2008-06-30,21.5183737202
2008-07-01,22.4488146288
2008-07-02,21.6134740341
2008-07-03,21.8627910731
2008-07-07,22.5105013189
2008-07-08,23.0746775052
2008-07-09,22.3935536356
2008-07-10,22.6994168072
2008-07-11,22.1789353597
2008-07-14,22.3460034787
2008-07-15,21.801104383
2008-07-16,22.2084935654
2008-07-17,22.0799796277
2008-07-18,21.224076803
2008-07-21,21.3705826919
2008-07-22,20.8218281781
2008-07-23,21.3667272738
2008-07-24,20.4375715046
2008-07-25,20.8346795719
2008-07-28,19.8425519732
2008-07-29,20.1869693261
2008-07-30,20.5468083516
2008-07-31,20.4272903896
2008-08-01,20.1329934723
2008-08-04,19.6921906662
2008-08-05,20.6444789442
2008-08-06,21.1007034228
2008-08-07,21.0210247815
2008-08-08,21.7895381287
2008-08-11,22.3048790186
2008-08-12,22.712268201
2008-08-13,23.0425490207
2008-08-14,23.0451192995
2008-08-15,22.5850394027
2008-08-18,22.5400595245
2008-08-19,22.3010236005
2008-08-20,22.5978907965
2008-08-21,22.3986941931
2008-08-22,22.7199790372
2008-08-25,22.1750799416
2008-08-26,22.3151601336
2008-08-27,22.4475294894
2008-08-28,22.3280115274
2008-08-29,21.7869678499
2008-09-02,21.3577312981
2008-09-03,21.4566870301
2008-09-04,20.719017028
2008-09-05,20.5853625329
2008-09-08,20.2949210338
2008-09-09,19.4929940628
2008-09-10,19.4839980872
2008-09-11,19.6176525824
2008-09-12,19.1408658737
2008-09-15,18.0382162886
2008-09-16,17.9765295986
2008-09-17,16.4279366499
2008-09-18,17.2324338996
2008-09-19,18.1088989543
2008-09-22,16.8417515291
2008-09-23,16.3007078516
2008-09-24,16.541028915
2008-09-25,16.9548437942
2008-09-26,16.4806273643
2008-09-29,13.5273770771
2008-09-30,14.6068941534
2008-10-01,14.0234408764
2008-10-02,12.8642451588
2008-10-03,12.4748479277
2008-10-06,12.612357841
2008-10-07,11.4583026809
2008-10-08,11.5392664616
2008-10-09,11.4043268271
2008-10-10,12.4401491646
2008-10-13,14.1699467653
2008-10-14,13.3757306307
2008-10-15,12.5879401929
2008-10-16,13.0942851072
2008-10-17,12.5172575272
2008-10-20,12.6509120223
2008-10-21,11.7577401556
2008-10-22,12.4491451402
2008-10-23,12.6239240954
2008-10-24,12.3861733108
2008-10-27,11.8348485182
2008-10-28,12.8398275107
2008-10-29,13.4361321814
2008-10-30,14.2701876367
2008-10-31,13.8268145518
2008-11-03,13.7458507711
2008-11-04,14.2637619398
2008-11-05,13.2754897593
2008-11-06,12.7357312212
2008-11-07,12.6252092348
2008-11-10,12.3219163419
2008-11-11,12.1792658711
2008-11-12,11.5816760611
2008-11-13,12.393884147
2008-11-14,11.5970977336
2008-11-17,11.3272184645
2008-11-18,11.5546881342
2008-11-19,11.0894676799
2008-11-20,10.3440868415
2008-11-21,10.6126809712
2008-11-24,11.9453705046
2008-11-25,11.6690655387
2008-11-26,12.2088240768
2008-11-28,11.9093866021
2008-12-01,11.4287444753
2008-12-02,11.8836838145
2008-12-03,12.3244866207
2008-12-04,11.7474590406
2008-12-05,12.0803101392
2008-12-08,12.8154098625
2008-12-09,12.8591046013
2008-12-10,12.6213538167
2008-12-11,12.2088240768
2008-12-12,12.6290646529
2008-12-15,12.1766955924
2008-12-16,12.26408507
2008-12-17,11.4583026809
2008-12-18,11.4930014441
2008-12-19,11.5662543885
2008-12-22,11.0187850142
2008-12-23,11.1010339343
2008-12-24,10.9288252578
2008-12-26,11.0277809898
2008-12-29,11.1305921399
2008-12-30,11.0894676799
2008-12-31,10.9686645785
2009-01-02,11.6626398418
2009-01-05,12.154848223
2009-01-06,11.9543664803
2009-01-07,11.6960534656
2009-01-08,11.9132420202
2009-01-09,11.6407924724
2009-01-12,11.3940457121
2009-01-13,11.2719574713
2009-01-14,10.9660942997
2009-01-15,10.7154921213
2009-01-16,10.5805524868
2009-01-20,10.0497899243
2009-01-21,10.6448094556
2009-01-22,11.3554915308
2009-01-23,11.3554915308
2009-01-26,11.519989371
2009-01-27,11.660069563
2009-01-28,12.1060129267
2009-01-29,11.9517962015
2009-01-30,11.5829612004
2009-02-02,11.7603104344
2009-02-03,11.9492259227
2009-02-04,12.0224788672
2009-02-05,12.3964544258
2009-02-06,12.8154098625
2009-02-09,13.1739637486
2009-02-10,12.5725185204
2009-02-11,12.4427194433
2009-02-12,12.7575785906
2009-02-13,12.7434420574
2009-02-17,12.1484225261
2009-02-18,12.1278602961
2009-02-19,11.6485033086
2009-02-20,11.7204711137
2009-02-23,11.1742868787
2009-02-24,11.598382873
2009-02-25,11.7153305562
2009-02-26,11.4621580991
2009-02-27,11.4775797716
2009-03-02,11.301515677
2009-03-03,11.3567766702
2009-03-04,11.7166156956
2009-03-05,11.4171782209
2009-03-06,10.9622388816
2009-03-09,10.6807933581
2009-03-10,11.3898690091
2009-03-11,11.9106717415
2009-03-12,12.3823178926
2009-03-13,12.3283420388
2009-03-16,12.2627999306
2009-03-17,12.8076990263
2009-03-18,13.0467349503
2009-03-19,13.059586344
2009-03-20,13.0557309259
2009-03-23,13.8358105275
2009-03-24,13.7291439592
2009-03-25,13.6854492204
2009-03-26,14.1198263297
2009-03-27,13.731714238
2009-03-30,13.4284213451
2009-03-31,13.5093851258
2009-04-01,13.9681798832
2009-04-02,14.4848059126
2009-04-03,14.9063316281
2009-04-06,15.2224759147
2009-04-07,14.7791028298
2009-04-08,14.9487412275
2009-04-09,15.3664115249
2009-04-13,15.4499455844
2009-04-14,15.2044839634
2009-04-15,15.1183796252
2009-04-16,15.6080177277
2009-04-17,15.8611901848
2009-04-20,15.4859294869
2009-04-21,15.6478570483
2009-04-22,15.6157285639
2009-04-23,16.1156477814
2009-04-24,15.9228768749
2009-04-27,16.0295434432
2009-04-28,15.9231339028
2009-04-29,16.0822341576
2009-04-30,16.1709087746
2009-05-01,16.3521134267
2009-05-04,16.9728357455
2009-05-05,17.0550846656
2009-05-06,17.0280967387
2009-05-07,16.5860087932
2009-05-08,16.6027156051
2009-05-11,16.6515509014
2009-05-12,15.9897041225
2009-05-13,15.3561304099
2009-05-14,15.8007886341
2009-05-15,15.7326762472
2009-05-18,16.2762902034
2009-05-19,16.3791013536
2009-05-20,16.1760493321
2009-05-21,15.9588607774
2009-05-22,15.7429573622
2009-05-26,16.8070527659
2009-05-27,17.0987794044
2009-05-28,17.3583775585
2009-05-29,17.4534778723
2009-06-01,17.9084172116
2009-06-02,17.9264091629
2009-06-03,18.1140395118
2009-06-04,18.4725933979
2009-06-05,18.5921113599
2009-06-08,18.486729931
2009-06-09,18.3415091815
2009-06-10,18.0240797555
2009-06-11,17.9855255742
2009-06-12,17.60255404
2009-06-15,17.4894617749
2009-06-16,17.5228753987
2009-06-17,17.4239196667
2009-06-18,17.462473848
2009-06-19,17.9251240235
2009-06-22,17.6539596151
2009-06-23,17.2221527846
2009-06-24,17.5061685868
2009-06-25,17.9739593198
2009-06-26,18.3055252789
2009-06-29,18.2451237282
2009-06-30,18.3042401396
2009-07-01,18.3556457146
2009-07-02,17.9945215498
2009-07-06,17.8133168977
2009-07-07,17.4007871579
2009-07-08,17.6346825244
2009-07-09,17.524160538
2009-07-10,17.8017506434
2009-07-13,18.2926738852
2009-07-14,18.2836779095
2009-07-15,18.8761271621
2009-07-16,18.9583760822
2009-07-17,19.5019900385
2009-07-20,19.6509376922
2009-07-21,19.4711466934
2009-07-22,20.1432745873
2009-07-23,20.28206964
2009-07-24,20.560430829
2009-07-27,20.5750814179
2009-07-28,20.5622300241
2009-07-29,20.5660854422
2009-07-30,20.9207839101
2009-07-31,20.9978922727
2009-08-03,21.3885746432
2009-08-04,21.275482378
2009-08-05,21.2189362455
2009-08-06,21.0647195203
2009-08-07,21.2703418205
2009-08-10,21.1688158098
2009-08-11,20.9259244676
2009-08-12,21.244639033
2009-08-13,21.6443173791
2009-08-14,21.4335545214
2009-08-17,20.5095393097
2009-08-18,21.0762857747
2009-08-19,21.1533941373
2009-08-20,21.3757232494
2009-08-21,21.7471285292
2009-08-24,21.7265662992
2009-08-25,21.770261038
2009-08-26,21.5145183021
2009-08-27,21.7766867349
2009-08-28,21.8537950975
2009-08-31,21.6173294522
2009-09-01,21.2430968658
2009-09-02,21.2279322211
2009-09-03,21.4039963157
2009-09-04,21.8872087213
2009-09-08,22.2239152379
2009-09-09,21.9938752895
2009-09-10,22.176365081
2009-09-11,22.1249595059
2009-09-14,22.3254412487
2009-09-15,22.5105013189
2009-09-16,23.3728298405
2009-09-17,23.7172471934
2009-09-18,23.7776487441
2009-09-21,23.6491348065
2009-09-22,23.7082512178
2009-09-23,23.8393354342
2009-09-24,23.6234320189
2009-09-25,23.4370868093
2009-09-28,23.9231136701
2009-09-29,23.8239137617
2009-09-30,23.8200583435
2009-10-01,23.2430179121
2009-10-02,23.7622270716
2009-10-05,23.9066767375
2009-10-06,24.418933293
2009-10-07,24.449776638
2009-10-08,24.3238329791
2009-10-09,24.4780497043
2009-10-12,24.5217444431
2009-10-13,24.4202184324
2009-10-14,24.5834311332
2009-10-15,24.4896159587
2009-10-16,24.1670459752
2009-10-19,24.3996562023
2009-10-20,25.5434302474
2009-10-21,26.3350761034
2009-10-22,26.3710600059
2009-10-23,26.2091324445
2009-10-26,26.0215020955
2009-10-27,25.3647958741
2009-10-28,24.726081604
2009-10-29,25.2337116577
2009-10-30,24.2248772471
2009-11-02,24.3289735366
2009-11-03,24.2570057315
2009-11-04,24.5217444431
2009-11-05,24.9355721737
2009-11-06,24.975398643
2009-11-09,25.8904178791
2009-11-10,26.0857590643
2009-11-11,26.1204578275
2009-11-12,25.958530266
2009-11-13,26.2746745527
2009-11-16,26.5548349367
2009-11-17,26.6023850937
2009-11-18,26.4687305985
2009-11-19,25.7683296383
2009-11-20,25.6925064151
2009-11-23,26.4584494835
2009-11-24,26.2733894133
2009-11-25,26.2412609289
2009-11-27,25.7786107533
2009-11-30,25.6912212757
2009-12-01,25.313390299
2009-12-02,25.2182899852
2009-12-03,25.2504184696
2009-12-04,24.8443144266
2009-12-07,24.2827085191
2009-12-08,24.4009413417
2009-12-09,25.4200568673
2009-12-10,25.2439927727
2009-12-11,25.0178082424
2009-12-14,25.3146754384
2009-12-15,24.9535512736
2009-12-16,25.06407326
2009-12-17,24.6566840776
2009-12-18,25.115478835
2009-12-21,25.4753178605
2009-12-22,25.7490525477
2009-12-23,25.9726667992
2009-12-24,26.8645535265
2009-12-28,27.1948343462
2009-12-29,26.8722643627
2009-12-30,27.1986897644
2009-12-31,27.081999109
2010-01-04,27.5032677966
2010-01-05,27.5508179535
2010-01-06,27.1125854261
2010-01-07,27.0624649905
2010-01-08,27.2423845032
2010-01-11,27.0020634398
2010-01-12,26.6949151288
2010-01-13,27.0714609661
2010-01-14,26.9146739622
2010-01-15,26.4648751804
2010-01-19,27.6356371524
2010-01-20,27.2096134491
2010-01-21,26.7401520348
2010-01-22,25.4136311704
2010-01-25,26.0979678884
2010-01-26,26.4661603198
2010-01-27,26.7159914145
2010-01-28,25.6115426344
2010-01-29,24.682772407
2010-02-01,25.0255190787
2010-02-02,25.1707398282
2010-02-03,25.6038317981
2010-02-04,24.6811017258
2010-02-05,25.1193342532
2010-02-08,24.9471255767
2010-02-09,25.2131494277
2010-02-10,25.0751254586
2010-02-11,25.531863993
2010-02-12,25.7516228264
2010-02-16,26.1397349181
2010-02-17,26.0304980711
2010-02-18,26.0790763396
2010-02-19,25.917405806
2010-02-22,25.7562493282
2010-02-23,25.3248280395
2010-02-24,25.7870926732
2010-02-25,25.9598154054
2010-02-26,26.2965219221
2010-03-01,26.8581278296
2010-03-02,26.8401358783
2010-03-03,26.9018225684
2010-03-04,27.0791718023
2010-03-05,28.1381266486
2010-03-08,28.1548334605
2010-03-09,28.6611783748
2010-03-10,28.8950737414
2010-03-11,28.9798929402
2010-03-12,29.1212582716
2010-03-15,28.7665598037
2010-03-16,28.8449533057
2010-03-17,28.8025437062
2010-03-18,28.8706560932
2010-03-19,28.5622097914
2010-03-22,28.883507487
2010-03-23,29.3474428019
2010-03-24,29.4772418789
2010-03-25,29.1276839685
2010-03-26,29.6738682035
2010-03-29,29.8653539706
2010-03-30,30.3093696252
2010-03-31,30.2007753479
2010-04-01,30.3254338674
2010-04-05,30.6492889903
2010-04-06,30.7842286248
2010-04-07,30.9204533987
2010-04-08,30.8369193393
2010-04-09,31.0733849845
2010-04-12,31.1376419534
2010-04-13,31.1556339046
2010-04-14,31.5745893414
2010-04-15,31.98968936
2010-04-16,31.7943481747
2010-04-19,31.7519385753
2010-04-20,31.4332240099
2010-04-21,33.3133829178
2010-04-22,34.2450447088
2010-04-23,34.8054297339
2010-04-26,34.6345061968
2010-04-27,33.675792222
2010-04-28,33.6192460894
2010-04-29,34.5239842104
2010-04-30,33.5537039812
2010-05-03,34.2296872932
2010-05-04,33.2439853914
2010-05-05,32.8976403295
2010-05-06,31.6465571464
2010-05-07,30.3112973343
2010-05-10,32.6412550239
2010-05-11,32.9663952861
2010-05-12,33.6822179188
2010-05-13,33.2028609314
2010-05-14,32.6194076545
2010-05-17,32.6708132295
2010-05-18,32.4317773055
2010-05-19,31.9151512761
2010-05-20,30.5554738158
2010-05-21,31.1414973715
2010-05-24,31.7120992547
2010-05-25,31.5141877907
2010-05-26,31.3714088059
2010-05-27,32.5590061038
2010-05-28,33.0126603037
2010-06-01,33.5202903574
2010-06-02,33.9212538429
2010-06-03,33.8145872746
2010-06-04,32.8950700507
2010-06-07,32.249287514
2010-06-08,32.0423800744
2010-06-09,31.2545896366
2010-06-10,32.1940265208
2010-06-11,32.5795683338
2010-06-14,32.6785240658
2010-06-15,33.3737844685
2010-06-16,34.3453498371
2010-06-17,34.9390842291
2010-06-18,35.2223289476
2010-06-21,34.7206105351
2010-06-22,35.1935418256
2010-06-23,34.8234216852
2010-06-24,34.570249228
2010-06-25,34.2746671714
2010-06-28,34.4802894716
2010-06-29,32.9214154079
2010-06-30,32.3251107372
2010-07-01,31.9331432274
2010-07-02,31.7352317634
2010-07-06,31.9524203181
2010-07-07,33.2420576824
2010-07-08,33.1681621682
2010-07-09,33.3647884928
2010-07-12,33.0647084484
2010-07-13,32.3595524725
2010-07-14,32.4789419206
2010-07-15,32.3148296222
2010-07-16,32.1156330189
2010-07-19,31.5604528082
2010-07-20,32.3713757548
2010-07-21,32.6733835083
2010-07-22,33.288194186
2010-07-23,33.4059129529
2010-07-26,33.321093754
2010-07-27,33.9379606548
2010-07-28,33.5369971693
2010-07-29,33.170732447
2010-07-30,33.0602104606
2010-08-02,33.6513745738
2010-08-03,33.6616556888
2010-08-04,33.7965953233
2010-08-05,33.6320974831
2010-08-06,33.4253185575
2010-08-09,33.63852318
2010-08-10,33.3378005659
2010-08-11,32.1529020608
2010-08-12,32.358524361
2010-08-13,32.0128218688
2010-08-16,31.8251915198
2010-08-17,32.3816568698
2010-08-18,32.5230222012
2010-08-19,32.1130627401
2010-08-20,32.0822193951
2010-08-23,31.5887258745
2010-08-24,30.8343490605
2010-08-25,31.2147503159
2010-08-26,30.8793289387
2010-08-27,31.0515376151
2010-08-30,31.1646298803
2010-08-31,31.2417382429
2010-09-01,32.1708940121
2010-09-02,32.4073596573
2010-09-03,33.2555516458
2010-09-07,33.1321782657
2010-09-08,33.7888844871
2010-09-09,33.8081615777
2010-09-10,33.8518563165
2010-09-13,34.3183619102
2010-09-14,34.4494461266
2010-09-15,34.7270362319
2010-09-16,35.543099736
2010-09-17,35.3888830108
2010-09-20,36.3990025608
2010-09-21,36.4684000871
2010-09-22,36.9798855589
2010-09-23,37.130246866
2010-09-24,37.567194254
2010-09-27,37.4186321421
2010-09-28,36.8655081544
2010-09-29,36.9310502626
2010-09-30,36.4658298083
2010-10-01,36.307757665
2010-10-04,35.809123587
2010-10-05,37.1328171448
2010-10-06,37.1649456292
2010-10-07,37.1688010473
2010-10-08,37.7920936449
2010-10-11,37.9578766245
2010-10-12,38.3665509462
2010-10-13,38.5721732464
2010-10-14,38.8510484911
2010-10-15,40.4484767361
2010-10-18,40.8674321729
2010-10-19,39.7737785635
2010-10-20,39.9074330586
2010-10-21,39.7776339816
2010-10-22,39.5141804094
2010-10-25,39.690244504
2010-10-26,39.5887184933
2010-10-27,39.560445427
2010-10-28,39.2275943285
2010-10-29,38.6801249541
2010-11-01,39.0913695545
2010-11-02,39.7570717516
2010-11-03,40.1991596971
2010-11-04,40.902130936
2010-11-05,40.7556250471
2010-11-08,40.9471108142
2010-11-09,40.6206854126
2010-11-10,40.871287591
2010-11-11,40.6945809267
2010-11-12,39.5861482145
2010-11-15,39.4582768465
2010-11-16,38.758518456
2010-11-17,38.618438264
2010-11-18,39.6375537896
2010-11-19,39.4190800956
2010-11-22,40.2711275022
2010-11-23,39.6761079709
2010-11-24,40.4555450027
2010-11-26,40.4818903599
2010-11-29,40.7222114233
2010-11-30,39.9871117
2010-12-01,40.6618098726
2010-12-02,40.8867092635
2010-12-03,40.7954643678
2010-12-06,41.1437371388
2010-12-07,40.8944200998
2010-12-08,41.2542591252
2010-12-09,41.0932954183
2010-12-10,41.1964278533
2010-12-13,41.3390783241
2010-12-14,41.1617290901
2010-12-15,41.1707250657
2010-12-16,41.2851024702
2010-12-17,41.2028535501
2010-12-20,41.4084758504
2010-12-21,41.664861156
2010-12-22,41.7875919665
2010-12-23,41.5871102237
2010-12-27,41.7259052764
2010-12-28,41.8274312871
2010-12-29,41.8042987783
2010-12-30,41.59482106
2010-12-31,41.4534557286
2011-01-03,42.3543384315
2011-01-04,42.5753824043
2011-01-05,42.9236551753
2011-01-06,42.8889564121
2011-01-07,43.1961047231
2011-01-10,44.0102405181
2011-01-11,43.9055016589
2011-01-12,44.2627704056
2011-01-13,44.424697967
2011-01-14,44.7845369925
2011-01-18,43.7782728607
2011-01-19,43.5456626335
2011-01-20,42.7540167776
2011-01-21,41.9880737092
2011-01-24,43.3670282602
2011-01-25,43.8746583139
2011-01-26,44.1895174611
2011-01-27,44.107268541
2011-01-28,43.1935344444
2011-01-31,43.6073493236
2011-02-01,44.3411639076
2011-02-02,44.2499190118
2011-02-03,44.1368267467
2011-02-04,44.5300793959
2011-02-07,45.2214843805
2011-02-08,45.6481506535
2011-02-09,46.0285519089
2011-02-10,45.5633314546
2011-02-11,45.8601986506
2011-02-14,46.1596361253
2011-02-15,46.2521661604
2011-02-16,46.667266179
2011-02-17,46.0465438602
2011-02-18,45.0518459828
2011-02-22,43.5161044279
2011-02-23,44.0314453178
2011-02-24,44.0648589416
2011-02-25,44.7434125324
2011-02-28,45.3924079176
2011-03-01,44.8912035607
2011-03-02,45.2523277255
2011-03-03,46.2084714216
2011-03-04,46.2650175542
2011-03-07,45.6687128835
2011-03-08,45.7201184586
2011-03-09,45.2973076037
2011-03-10,44.5519267653
2011-03-11,45.2356209136
2011-03-14,45.4373877957
2011-03-15,44.3925694826
2011-03-16,42.4108845641
2011-03-17,43.0059040954
2011-03-18,42.4957037629
2011-03-21,43.6047790448
2011-03-22,43.8489555264
2011-03-23,43.5906425117
2011-03-24,44.3334530713
2011-03-25,45.1777896417
2011-03-28,45.0364243103
2011-03-29,45.1032515578
2011-03-30,44.8038140831
2011-03-31,44.7880711258
2011-04-01,44.2807623569
2011-04-04,43.847670387
2011-04-05,43.5520883304
2011-04-06,43.4428514834
2011-04-07,43.4479920409
2011-04-08,43.0598799492
2011-04-11,42.5124105748
2011-04-12,42.718032875
2011-04-13,43.1973898625
2011-04-14,42.7206031538
2011-04-15,42.0831740231
2011-04-18,42.6473502093
2011-04-19,43.4197189746
2011-04-20,44.0044573909
2011-04-21,45.0693238783
2011-04-25,45.3665766161
2011-04-26,45.0338540315
2011-04-27,44.9991552683
2011-04-28,44.5622078803
2011-04-29,44.9965849896
2011-05-02,44.5018063296
2011-05-03,44.7485530899
2011-05-04,44.9246171845
2011-05-05,44.5622078803
2011-05-06,44.5506416259
2011-05-09,44.6714447273
2011-05-10,44.909195512
2011-05-11,44.6238945704
2011-05-12,44.5390753716
2011-05-13,43.75899577
2011-05-16,42.8336954189
2011-05-17,43.1986750019
2011-05-18,43.6780319893
2011-05-19,43.7628511881
2011-05-20,43.0804421792
2011-05-23,42.9750607503
2011-05-24,42.6910449481
2011-05-25,43.280923922
2011-05-26,43.0521691129
2011-05-27,43.3618877027
2011-05-31,44.701002933
2011-06-01,44.4028505976
2011-06-02,44.4789308487
2011-06-03,44.1368267467
2011-06-06,43.4428514834
2011-06-07,42.6717678575
2011-06-08,42.697470645
2011-06-09,42.6010851918
2011-06-10,41.8826922803
2011-06-13,41.9726520367
2011-06-14,42.7231734326
2011-06-15,41.9919291273
2011-06-16,41.7875919665
2011-06-17,41.157873672
2011-06-20,40.52301482
2011-06-21,41.8055839177
2011-06-22,41.4598814254
2011-06-23,42.567671568
2011-06-24,41.9405235523
2011-06-27,42.6717678575
2011-06-28,43.0855827367
2011-06-29,42.9287957328
2011-06-30,43.1382734512
2011-07-01,44.1136942379
2011-07-05,44.9066252332
2011-07-06,45.206062708
2011-07-07,45.9051785288
2011-07-08,46.2277485123
2011-07-11,45.4939339283
2011-07-12,45.4618054439
2011-07-13,46.0105599577
2011-07-14,45.9784314732
2011-07-15,46.8973061274
2011-07-18,48.0385098938
2011-07-19,48.4304774036
2011-07-20,49.722042477
2011-07-21,49.7721629127
2011-07-22,50.544531678
2011-07-25,51.2128041537
2011-07-26,51.8438075876
2011-07-27,50.4532867822
2011-07-28,50.3543310502
2011-07-29,50.1821223738
2011-08-01,50.9879047629
2011-08-02,49.9803554917
2011-08-03,50.4507165035
2011-08-04,48.4973046512
2011-08-05,48.015377385
2011-08-08,45.3924079176
2011-08-09,48.0654978207
2011-08-10,46.7392339841
2011-08-11,48.0256585
2011-08-12,48.4484693549
2011-08-15,49.2735288346
2011-08-16,48.8969829973
2011-08-17,48.8918424398
2011-08-18,47.042526877
2011-08-19,45.7548172217
2011-08-22,45.8075079362
2011-08-23,48.0128071062
2011-08-24,48.3443730654
2011-08-25,48.0282287788
2011-08-26,49.295376204
2011-08-29,50.1165802656
2011-08-30,50.1191505443
2011-08-31,49.4560186261
2011-09-01,48.967665663
2011-09-02,48.0706383782
2011-09-06,48.8018826834
2011-09-07,49.3403560822
2011-09-08,49.3673440091
2011-09-09,48.5114411843
2011-09-12,48.827585471
2011-09-13,49.4290306992
2011-09-14,50.0304759274
2011-09-15,50.5008369392
2011-09-16,51.469832029
2011-09-19,52.9001921551
2011-09-20,53.1340875216
2011-09-21,52.9657342633
2011-09-22,51.6394704267
2011-09-23,51.9581849921
2011-09-26,51.8129642426
2011-09-27,51.3104747464
2011-09-28,51.0213183866
2011-09-29,50.1936886282
2011-09-30,49.0049347049
2011-10-03,48.1413210439
2011-10-04,47.8714417748
2011-10-05,48.6103969163
2011-10-06,48.4973046512
2011-10-07,47.5244541432
2011-10-10,49.9675040979
2011-10-11,51.4428441021
2011-10-12,51.6870205837
2011-10-13,52.4889475546
2011-10-14,54.2328816885
2011-10-17,53.9745686739
2011-10-18,54.2637250336
2011-10-19,51.2282258263
2011-10-20,50.8028446926
2011-10-21,50.4892706848
2011-10-24,52.1471004805
2011-10-25,51.1189889793
2011-10-26,51.4826834228
2011-10-27,52.0083054278
2011-10-28,52.0417190516
2011-10-31,52.0198716822
2011-11-01,50.9570614178
2011-11-02,51.0727239617
2011-11-03,51.8001128488
2011-11-04,51.4364184053
2011-11-07,51.3708762971
2011-11-08,52.2062168918
2011-11-09,50.7989892745
2011-11-10,49.5061390617
2011-11-11,49.4290306992
2011-11-14,48.7401959933
2011-11-15,49.9700743767
2011-11-16,49.4483077898
2011-11-17,48.5024452087
2011-11-18,48.1850157827
2011-11-21,47.4229281324
2011-11-22,48.3867826648
2011-11-23,47.1633299784
2011-11-25,46.7238123116
2011-11-28,48.3366622291
2011-11-29,47.9614015312
2011-11-30,49.11802697
2011-12-01,49.8544118328
2011-12-02,50.0818815024
2011-12-05,50.507262636
2011-12-06,50.2425239245
2011-12-07,50.0034880005
2011-12-08,50.2052548826
2011-12-09,50.585656138
2011-12-12,50.356901329
2011-12-13,49.9675040979
2011-12-14,48.8597139554
2011-12-15,48.6990715333
2011-12-16,48.9663805236
2011-12-19,49.1193121094
2011-12-20,50.8850936127
2011-12-21,50.9487080119
2011-12-22,51.2192298506
2011-12-23,51.8335264726
2011-12-27,52.2447710731
2011-12-28,51.7448518556
2011-12-29,52.063566421
2011-12-30,52.0481447485
2012-01-03,52.84878658
2012-01-04,53.1328023822
2012-01-05,53.7226813561
2012-01-06,54.2842872636
2012-01-09,54.1981829254
2012-01-10,54.3922389712
2012-01-11,54.3035643542
2012-01-12,54.1544881866
2012-01-13,53.9514361651
2012-01-17,54.5798693202
2012-01-18,55.1466157852
2012-01-19,54.97183683
2012-01-20,54.0144079945
2012-01-23,54.9280135773
2012-01-24,54.0285445277
2012-01-25,57.402035391
2012-01-26,57.1411520976
2012-01-27,57.4817140323
2012-01-30,58.2180988951
2012-01-31,58.6640422587
2012-02-01,58.6267732168
2012-02-02,58.4892633035
2012-02-03,59.0752868592
2012-02-06,59.6266116517
2012-02-07,60.2511893887
2012-02-08,61.2600237993
2012-02-09,63.3792186311
2012-02-10,63.4113471155
2012-02-13,64.5911050632
2012-02-14,65.4727106755
2012-02-15,63.9575313506
2012-02-16,64.5409846275
2012-02-17,64.5294183731
2012-02-21,66.1654007994
2012-02-22,65.9327905722
2012-02-23,66.3633122634
2012-02-24,67.136966168
2012-02-27,67.5674878592
2012-02-28,68.8076473575
2012-02-29,69.7111003392
2012-03-01,69.9719836326
2012-03-02,70.0632285283
2012-03-05,68.5184909978
2012-03-06,68.1458005786
2012-03-07,68.2010615718
2012-03-08,69.6532690672
2012-03-09,70.061943389
2012-03-12,70.9396935831
2012-03-13,73.0087679793
2012-03-14,75.76924736
2012-03-15,75.2526213307
2012-03-16,75.25390647
2012-03-19,77.2497279217
2012-03-20,77.8743056587
2012-03-21,77.4296474345
2012-03-22,77.0235433915
2012-03-23,76.6007325366
2012-03-26,78.0053898751
2012-03-27,78.9692444075
2012-03-28,79.3727781717
2012-03-29,78.3755100156
2012-03-30,77.0505313184
2012-04-02,79.5025772488
2012-04-03,80.8763912422
2012-04-04,80.2325364146
2012-04-05,81.4367120104
2012-04-09,81.7644225514
2012-04-10,80.7632989771
2012-04-11,80.4754277568
2012-04-12,80.0346249506
2012-04-13,77.7804904842
2012-04-16,74.5547906492
2012-04-17,78.3549477855
2012-04-18,78.1801688303
2012-04-19,75.4942275334
2012-04-20,73.635915995
2012-04-23,73.4714181548
2012-04-24,72.0037889869
2012-04-25,78.3935019668
2012-04-26,78.0979199102
2012-04-27,77.4939044033
2012-04-30,75.0495693092
2012-05-01,74.8118185245
2012-05-02,75.3065971845
2012-05-03,74.7719792038
2012-05-04,72.642503257
2012-05-07,73.1861172132
2012-05-08,73.0190490943
2012-05-09,73.1475630319
2012-05-10,73.3197717084
2012-05-11,72.8301336059
2012-05-14,71.7390502753
2012-05-15,71.0900548902
2012-05-16,70.1782485025
2012-05-17,68.1278086273
2012-05-18,68.1612222511
2012-05-21,72.1323029245
2012-05-22,71.5784078532
2012-05-23,73.3249122659
2012-05-24,72.6514992326
2012-05-25,72.2621020015
2012-05-29,73.5446710993
2012-05-30,74.4314172691
2012-05-31,74.2463571989
2012-06-01,72.0950338826
2012-06-04,72.5191298768
2012-06-05,72.3314995279
2012-06-06,73.4405748098
2012-06-07,73.4739884336
2012-06-08,74.5792082974
2012-06-11,73.4033057679
2012-06-12,74.0445903167
2012-06-13,73.5305345661
2012-06-14,73.4495707854
2012-06-15,73.7837070233
2012-06-18,75.2808943969
2012-06-19,75.4903721153
2012-06-20,75.2758823534
2012-06-21,74.2386463626
2012-06-22,74.8079631064
2012-06-25,73.3512576231
2012-06-26,73.5131851846
2012-06-27,73.8312571802
2012-06-28,73.13085622
2012-06-29,75.0521395879
2012-07-02,76.1470783367
2012-07-03,77.0325393671
2012-07-05,78.3857911306
2012-07-06,77.8640245437
2012-07-09,78.8934211843
2012-07-10,78.1634620184
2012-07-11,77.6776793341
2012-07-12,76.9669972589
2012-07-13,77.7470768605
2012-07-16,77.9963938995
2012-07-17,78.0002493176
2012-07-18,77.91285984
2012-07-19,78.9486821775
2012-07-20,77.6609725222
2012-07-23,77.6005709715
2012-07-24,77.226595413
2012-07-25,73.8916587309
2012-07-26,73.8800924766
2012-07-27,75.2012157556
2012-07-30,76.4696483202
2012-07-31,78.4911725595
2012-08-01,77.9835425057
2012-08-02,78.1094861646
2012-08-03,79.1260314114
2012-08-06,80.0063518844
2012-08-07,79.7961030824
2012-08-08,79.6606493921
2012-08-09,80.1130184526
2012-08-10,80.2382091602
2012-08-13,81.3094286165
2012-08-14,81.5275443854
2012-08-15,81.4165505622
2012-08-16,82.1276854061
2012-08-17,83.6467520328
2012-08-20,85.845978483
2012-08-21,84.6730577096
2012-08-22,86.3260912996
2012-08-23,85.5207407685
2012-08-24,85.5971458189
2012-08-27,87.2050075042
2012-08-28,87.0914324293
2012-08-29,86.9192629407
2012-08-30,85.6805202489
2012-08-31,85.8575941157
2012-09-04,87.1133730687
2012-09-05,86.5016164153
2012-09-06,87.2811544294
2012-09-07,87.8193454093
2012-09-10,85.5349376529
2012-09-11,85.2574530949
2012-09-12,86.4448288779
2012-09-13,88.1471643754
2012-09-14,89.2183838318
2012-09-17,90.3155448678
2012-09-18,90.5903191115
2012-09-19,90.6148410026
2012-09-20,90.1760282133
2012-09-21,90.3560705195
2012-09-24,89.1551431651
2012-09-25,86.928813572
2012-09-26,85.8498503605
2012-09-27,87.9329204842
2012-09-28,86.0982958369
2012-10-01,85.1025779928
2012-10-02,85.3503781562
2012-10-03,86.6590727692
2012-10-04,86.0589317484
2012-10-05,84.2249524141
2012-10-08,82.3638699368
2012-10-09,82.0644447394
2012-10-10,82.71750142
2012-10-11,81.0642097048
2012-10-12,81.2725167172
2012-10-15,81.9237665216
2012-10-16,83.8638998322
2012-10-17,83.1954976102
2012-10-18,81.6501538412
2012-10-19,78.7075269008
2012-10-22,81.8295508345
2012-10-23,79.1612335125
2012-10-24,79.6096743707
2012-10-25,78.6685500001
2012-10-26,77.9538014038
2012-10-31,76.8335381651
2012-11-01,76.9909816126
2012-11-02,74.4432990889
2012-11-05,75.4527104733
2012-11-06,75.2240631975
2012-11-07,72.3591835584
2012-11-08,69.7330080032
2012-11-09,70.9402870446
2012-11-12,70.3917596176
2012-11-13,70.4005775526
2012-11-14,69.6201903055
2012-11-15,68.1600440105
2012-11-16,68.4269162197
2012-11-19,73.3613289031
2012-11-20,72.7367338193
2012-11-21,72.8387365791
2012-11-23,74.1095566227
2012-11-26,76.4476061518
2012-11-27,75.8316474572
2012-11-28,75.5930445103
2012-11-29,76.4255613143
2012-11-30,75.8964852146
2012-12-03,76.0144899329
2012-12-04,74.673048604
2012-12-05,69.8681687921
2012-12-06,70.9642121771
2012-12-07,69.1494681873
2012-12-10,68.70479788
2012-12-11,70.2047675255
2012-12-12,69.8951023965
2012-12-13,68.6878233551
2012-12-14,66.1077993157
2012-12-17,67.279547266
2012-12-18,69.2337572718
2012-12-19,68.2495201156
2012-12-20,67.6556321936
2012-12-21,67.3443850234
2012-12-24,67.4530531046
2012-12-26,66.5234741779
2012-12-27,66.7906705758
2012-12-28,66.0812417703
2012-12-31,69.0097946905
2013-01-02,71.1957478085
2013-01-03,70.2965648223
2013-01-04,68.3389962207
2013-01-07,67.9370021253
2013-01-08,68.119844601
2013-01-09,67.0552086257
2013-01-10,67.8864286746
2013-01-11,67.4701702726
2013-01-14,65.0646894758
2013-01-15,63.0119260789
2013-01-16,65.6274812094
2013-01-17,65.1852877044
2013-01-18,64.8377573252
2013-01-22,65.4563095301
2013-01-23,66.6538629078
2013-01-24,58.41881935
2013-01-25,57.0416653844
2013-01-28,58.3319367552
2013-01-29,59.4263980988
2013-01-30,59.2396653577
2013-01-31,59.0659001681
2013-02-01,58.8234069557
2013-02-04,57.3575549381
2013-02-05,59.3711563296
2013-02-06,59.3070966253
2013-02-07,61.0603095834
2013-02-08,61.9418774207
2013-02-11,62.5874041655
2013-02-12,61.0185785615
2013-02-13,60.9025141569
2013-02-14,60.8477421907
2013-02-15,60.0092094697
2013-02-19,59.9870398643
2013-02-20,58.534278665
2013-02-21,58.1704363179
2013-02-22,58.789881174
2013-02-25,57.7453015325
2013-02-26,58.5499277982
2013-02-27,57.9761262473
2013-02-28,57.5627283117
2013-03-01,56.1373530955
2013-03-04,54.7784866954
2013-03-05,56.2252490603
2013-03-06,55.5103444917
2013-03-07,56.1519589531
2013-03-08,56.3003648997
2013-03-11,57.1023829766
2013-03-12,55.871317831
2013-03-13,55.8608850755
2013-03-14,56.4020842656
2013-03-15,57.8574536538
2013-03-18,59.4301915411
2013-03-19,59.2697879257
2013-03-20,58.9555011671
2013-03-21,59.0402673053
2013-03-22,60.2374259956
2013-03-25,60.4552097661
2013-03-26,60.1364890864
2013-03-27,58.9555011671
2013-03-28,57.7270442104
2013-04-01,55.9339143638
2013-04-02,56.0489354929
2013-04-03,56.3355754494
2013-04-04,55.7787271262
2013-04-05,55.1892764421
2013-04-08,55.5818088667
2013-04-09,55.6822241381
2013-04-10,56.81809039
2013-04-11,56.640733547
2013-04-12,56.0499787684
2013-04-15,54.7524048067
2013-04-16,55.58572115
2013-04-17,52.5289237969
2013-04-18,51.1270222805
2013-04-19,50.9287999265
2013-04-22,51.9903327957
2013-04-23,52.9631872434
2013-04-24,52.8760737352
2013-04-25,53.256608491
2013-04-26,54.4074718289
2013-04-29,56.0917097903
2013-04-30,57.7426933436
2013-05-01,57.2875643862
2013-05-02,58.1000152185
2013-05-03,58.681641336
2013-05-06,60.0809346636
2013-05-07,59.8133344857
2013-05-08,60.4891162214
2013-05-09,59.9648702589
2013-05-10,59.4660053883
2013-05-13,59.6983713938
2013-05-14,58.2700425009
2013-05-15,56.2995262617
2013-05-16,57.0514994141
2013-05-17,56.8784720721
2013-05-20,58.1479518878
2013-05-21,57.7186655386
2013-05-22,57.9410542467
2013-05-23,58.0442405068
2013-05-24,58.4393939965
2013-05-28,57.9522130662
2013-05-29,58.4131379506
2013-05-30,59.2835258698
2013-05-31,59.041313847
2013-06-03,59.1706248727
2013-06-04,58.9855197496
2013-06-05,58.4341427873
2013-06-06,57.5611292636
2013-06-07,58.0010493114
2013-06-10,57.6175797621
2013-06-11,57.4482282666
2013-06-12,56.738002227
2013-06-13,57.2335850919
2013-06-14,56.4570625366
2013-06-17,56.7130589834
2013-06-18,56.6828645307
2013-06-19,55.5315369213
2013-06-20,54.7225881494
2013-06-21,54.2843747446
2013-06-24,52.8455434333
2013-06-25,52.8573586539
2013-06-26,52.2587208091
2013-06-27,51.6955286262
2013-06-28,52.0565492563
2013-07-01,53.7224953639
2013-07-02,54.9394630879
2013-07-03,55.2427204172
2013-07-05,54.7989932427
2013-07-08,54.4878590997
2013-07-09,55.4462047723
2013-07-10,55.2335308012
2013-07-11,56.0944665438
2013-07-12,55.9923305255
2013-07-15,56.1144211386
2013-07-16,56.4760981699
2013-07-17,56.4911953962
2013-07-18,56.681289168
2013-07-19,55.7875333681
2013-07-22,55.9660744797
2013-07-23,55.0051032025
2013-07-24,57.8302537333
2013-07-25,57.5663804728
2013-07-26,57.8932682433
2013-07-29,58.7859738014
2013-07-30,59.5119534685
2013-07-31,59.4082420874
2013-08-01,59.9525299174
2013-08-02,60.722357181
2013-08-05,61.6295035643
2013-08-06,61.078126602
2013-08-07,61.0426809401
2013-08-08,60.9219031293
2013-08-09,60.055007217
2013-08-12,61.7610478005
2013-08-13,64.6960719182
2013-08-14,65.8761604086
2013-08-15,65.798192636
2013-08-16,66.3822901866
2013-08-19,67.0972150167
2013-08-20,66.2157827401
2013-08-21,66.3862546496
2013-08-22,66.4655439099
2013-08-23,66.2091753017
2013-08-26,66.4668653976
2013-08-27,64.5665661264
2013-08-28,64.8713011834
2013-08-29,64.9775487922
2013-08-30,64.3849937204
2013-09-03,64.5652446387
2013-09-04,65.9014008231
2013-09-05,65.4493198908
2013-09-06,65.8391587538
2013-09-09,66.8897414524
2013-09-10,65.3660661675
2013-09-11,61.807299869
2013-09-12,62.4654007292
2013-09-13,61.4359618334
2013-09-16,59.4828030554
2013-09-17,60.1699766444
2013-09-18,61.4068891046
2013-09-19,62.4138627101
2013-09-20,61.7676552388
2013-09-23,64.837471099
2013-09-24,64.6339619976
2013-09-25,63.6335958306
2013-09-26,64.2533735483
2013-09-27,63.7948173264
2013-09-30,63.0019247237
2013-10-01,64.4833124031
2013-10-02,64.6947504305
2013-10-03,63.8820355127
2013-10-04,63.8318189812
2013-10-07,64.455561162
2013-10-08,63.555628058
2013-10-09,64.3020042946
2013-10-10,64.7050580344
2013-10-11,65.1244982212
2013-10-14,65.5510744414
2013-10-15,65.8999471866
2013-10-16,66.2215972858
2013-10-17,66.6690530113
2013-10-18,67.2491860989
2013-10-21,68.8973455224
2013-10-22,68.69984919
2013-10-23,69.3728167865
2013-10-24,70.291250718
2013-10-25,69.5047012561
2013-10-28,70.0224601257
2013-10-29,68.2783606972
2013-10-30,69.3643592654
2013-10-31,69.0744248704
2013-11-01,68.7213233646
2013-11-04,69.6093630797
2013-11-05,69.4374375336
2013-11-06,69.2419895071
2013-11-07,68.121718664
2013-11-08,69.1941374065
2013-11-11,68.9931585842
2013-11-12,69.1210300307
2013-11-13,69.2039736716
2013-11-14,70.2043484183
2013-11-15,69.7831170109
2013-11-18,68.937464056
2013-11-19,69.0598856799
2013-11-20,68.4550882979
2013-11-21,69.2707007674
2013-11-22,69.0931163053
2013-11-25,69.6168309614
2013-11-26,70.9008623264
2013-11-27,72.5703689459
2013-11-29,73.9142154365
2013-12-02,73.270870529
2013-12-03,75.2769369224
2013-12-04,75.1012133754
2013-12-05,75.4868215524
2013-12-06,74.4392593176
2013-12-09,75.2912925526
2013-12-10,75.1743207512
2013-12-11,74.6173754697
2013-12-12,74.5083790185
2013-12-13,73.696222534
2013-12-16,74.1042946137
2013-12-17,73.7706591349
2013-12-18,73.2097261783
2013-12-19,72.3709851935
2013-12-20,72.9771118006
2013-12-23,75.7777889082
2013-12-24,75.4561164545
2013-12-26,74.9549986237
2013-12-27,74.4485638928
2013-12-30,73.7081855591
2013-12-31,74.5721818192
2014-01-02,73.523423282
2014-01-03,71.9084148881
2014-01-06,72.3005362677
2014-01-07,71.7831354304
2014-01-08,72.238062692
2014-01-09,71.3154476087
2014-01-10,70.8397179757
2014-01-13,71.210571755
2014-01-14,72.6275256215
2014-01-15,74.0856854635
2014-01-16,73.6722964837
2014-01-17,71.8672089127
2014-01-21,72.9837579257
2014-01-22,73.3080888295
2014-01-23,73.9288369117
2014-01-24,72.584990421
2014-01-27,73.1738371029
2014-01-28,67.3252470347
2014-01-29,66.5609426508
2014-01-30,66.4322736693
2014-01-31,66.5410042756
2014-02-03,66.664622202
2014-02-04,67.6296395633
2014-02-05,68.1347450692
2014-02-06,68.5295248988
2014-02-07,69.4882509598
2014-02-10,70.7331239902
2014-02-11,71.6651073437
2014-02-12,71.6597588023
2014-02-13,72.797661003
2014-02-14,72.7388270467
2014-02-18,73.0062541208
2014-02-19,71.8536434311
2014-02-20,71.0219452303
2014-02-21,70.2330353614
2014-02-24,70.5405764967
2014-02-25,69.8064891781
2014-02-26,69.1766984183
2014-02-27,70.5566221212
2014-02-28,70.3654117631
2014-03-03,70.5686563395
2014-03-04,71.0339794486
2014-03-05,71.1837386102
2014-03-06,70.9684598155
2014-03-07,70.927008619
2014-03-10,70.9911911168
2014-03-11,71.6824901036
2014-03-12,71.7520211429
2014-03-13,70.9550884617
2014-03-14,70.1581557806
2014-03-17,70.4322685317
2014-03-18,71.0553736146
2014-03-19,71.0366537194
2014-03-20,70.6943470644
2014-03-21,71.2519325141
2014-03-24,72.0970020686
2014-03-25,72.8725405837
2014-03-26,72.1758930555
2014-03-27,71.8656776494
2014-03-28,71.7854495271
2014-03-31,71.7694039027
2014-04-01,72.4259373698
2014-04-02,72.5462795532
2014-04-03,72.0435166537
2014-04-04,71.1115333002
2014-04-07,69.9950252654
2014-04-08,69.9910138593
2014-04-09,70.9109629945
2014-04-10,69.9963624007
2014-04-11,69.4788910122
2014-04-14,69.755678034
2014-04-15,69.2582503046
2014-04-16,69.3986628899
2014-04-17,70.1915841649
2014-04-21,71.024619501
2014-04-22,71.0953539622
2014-04-23,70.1661785929
2014-04-24,75.9185349589
2014-04-25,76.4761204086
2014-04-28,79.4378752553
2014-04-29,79.20253943
2014-04-30,78.9030211069
2014-05-01,79.0888829235
2014-05-02,79.2359678143
2014-05-05,80.3564872552
2014-05-06,79.4806635872
2014-05-07,79.20253943
2014-05-08,79.0621402161
2014-05-09,78.7330451835
2014-05-12,79.7129348872
2014-05-13,79.8379842764
2014-05-14,79.8527750644
2014-05-15,79.1737434345
2014-05-16,80.3422156848
2014-05-19,81.2942045838
2014-05-20,81.3103399889
2014-05-21,81.5254787231
2014-05-22,81.6545619637
2014-05-23,82.5769692867
2014-05-27,84.1232789391
2014-05-28,83.9054509707
2014-05-29,85.4342806008
2014-05-30,85.1142617337
2014-06-02,84.5293532999
2014-06-03,85.7247178921
2014-06-04,86.7035991329
2014-06-05,87.0437872564
2014-06-06,86.8044454145
2014-06-09,88.1934348675
2014-06-10,88.7111124467
2014-06-11,88.3440319814
2014-06-12,86.8662978006
2014-06-13,85.9156535187
2014-06-16,86.781586924
2014-06-17,86.6686390885
2014-06-18,86.7627622848
2014-06-19,86.4615680568
2014-06-20,85.5673976927
2014-06-23,85.4920991357
2014-06-24,84.9744215564
2014-06-25,85.0497201134
2014-06-26,85.557985373
2014-06-27,86.5745158923
2014-06-30,87.4686862565
2014-07-01,88.0240131143
2014-07-02,87.9863638358
2014-07-03,88.504041415
2014-07-07,90.328148958
2014-07-08,89.7464676053
2014-07-09,89.7841168838
2014-07-10,89.4499795371
2014-07-11,89.6241074502
2014-07-14,90.7818227638
2014-07-15,89.7182306464
2014-07-16,89.2099653868
2014-07-17,87.6191892473
2014-07-18,88.8805342
2014-07-21,88.4183893065
2014-07-22,89.153491469
2014-07-23,91.4783344159
2014-07-24,91.3277373019
2014-07-25,91.9310669898
2014-07-28,93.2007889069
2014-07-29,92.598400451
2014-07-30,92.3819170997
2014-07-31,89.9817755958
2014-08-01,90.4806285359
2014-08-04,89.9723632762
2014-08-05,89.5299842539
2014-08-06,89.37938714
2014-08-07,89.3699748203
2014-08-08,89.6159125157
2014-08-11,90.7983052816
2014-08-12,90.7793869973
2014-08-13,91.9806980475
2014-08-14,92.2266357428
2014-08-15,92.680674565
2014-08-18,93.796853336
2014-08-19,95.0927558075
2014-08-20,95.130592376
2014-08-21,95.1400515181
2014-08-22,95.8400280355
2014-08-25,96.0481291623
2014-08-26,95.4323390098
2014-08-27,96.6062185479
2014-08-28,96.7197282534
2014-08-29,96.9562068066
2014-09-02,97.7129381768
2014-09-03,93.5887522092
2014-09-04,92.8131025547
2014-09-05,93.6171296356
2014-09-08,93.0401219658
2014-09-09,92.6901337071
2014-09-10,95.5373354875
2014-09-11,95.9440785989
2014-09-12,96.1616388679
2014-09-15,96.1332614415
2014-09-16,95.4049074977
2014-09-17,96.0859657309
2014-09-18,96.2846077155
2014-09-19,95.4994989189
2014-09-22,95.5940903402
2014-09-23,97.0886347964
2014-09-24,96.246771147
2014-09-25,92.5766240016
2014-09-26,95.3008569343
2014-09-29,94.6954718381
2014-09-30,95.3008569343
2014-10-01,93.8157716203
2014-10-02,94.4968298534
2014-10-03,94.2319738739
2014-10-06,94.2319738739
2014-10-07,93.4090285088
2014-10-08,95.3481526449
2014-10-09,95.5562537717
2014-10-10,95.28193865
2014-10-13,94.4116975743
2014-10-14,93.4090285088
2014-10-15,92.2644723114
2014-10-16,91.053702119
2014-10-17,92.387441159
2014-10-20,94.3644018637
2014-10-21,96.9278293802
2014-10-22,97.4197047708
2014-10-23,99.1601869223
2014-10-24,99.5290934652
2014-10-27,99.4250429018
2014-10-28,100.966883069
2014-10-29,101.534431596
2014-10-30,101.19390248
2014-10-31,102.158734977
2014-11-03,103.483014875
2014-11-04,102.726283504
2014-11-05,102.9722212
2014-11-06,103.265454606
2014-11-07,103.559955902
2014-11-10,103.388955149
2014-11-11,104.215458788
2014-11-12,105.68796527
2014-11-13,107.179471836
2014-11-14,108.471477524
2014-11-17,108.290976729
2014-11-18,109.696982919
2014-11-19,108.936979573
2014-11-20,110.494986432
2014-11-21,110.646987101
2014-11-24,112.694246114
2014-11-25,111.720491827
2014-11-26,113.050497682
2014-11-28,112.98399739
2014-12-01,109.316981246
2014-12-02,108.898979406
2014-12-03,110.133984843
2014-12-04,109.715983003
2014-12-05,109.250480953
2014-12-08,106.78047008
2014-12-09,108.414477273
2014-12-10,106.352968198
2014-12-11,106.039466818
2014-12-12,104.243958913
2014-12-15,102.814202619
2014-12-16,101.408196429
2014-12-17,103.939957575
2014-12-18,107.017971125
2014-12-19,106.191467487
2014-12-22,107.293472338
2014-12-23,106.913470665
2014-12-24,106.409968449
2014-12-26,108.290976729
2014-12-29,108.214976395
2014-12-30,106.894470582
2014-12-31,104.861461632
2015-01-02,103.86395724
2015-01-05,100.937944359
2015-01-06,100.947444401
2015-01-07,102.362950633
2015-01-08,106.295967947
2015-01-09,106.409968449
2015-01-12,103.787956906
2015-01-13,104.709460963
2015-01-14,104.310459206
2015-01-15,101.479446743
2015-01-16,100.690943272
2015-01-20,103.284454689
2015-01-21,104.07295816
2015-01-22,106.78047008
2015-01-23,107.331472505
2015-01-26,107.445473007
2015-01-27,103.683456446
2015-01-28,109.54498225
2015-01-29,112.955497264
2015-01-30,111.302489987
2015-02-02,112.698996135
2015-02-03,112.717996219
2015-02-04,113.582500024
2015-02-05,114.390003579
2015-02-06,113.426739417
2015-02-09,114.180183663
2015-02-10,116.373755517
2015-02-11,119.101414432
2015-02-12,120.608302923
2015-02-13,121.199613597
2015-02-17,121.914908767
2015-02-18,122.758957068
2015-02-19,122.506219441
2015-02-20,123.502864044
2015-02-23,126.845676805
2015-02-24,126.054083484
2015-02-25,122.830486585
2015-02-26,124.380292786
2015-02-27,122.51575671
2015-03-02,123.116604653
2015-03-03,123.374110914
2015-03-04,122.592054861
2015-03-05,120.560616579
2015-03-06,120.741824688
2015-03-09,121.256837211
2015-03-10,118.748535481
2015-03-11,116.583575434
2015-03-12,118.691311868
2015-03-13,117.87110674
2015-03-16,119.168175315
2015-03-17,121.161464521
2015-03-18,122.525293979
2015-03-19,121.595410258
2015-03-20,120.074215863
2015-03-23,121.323598093
2015-03-24,120.827660109
2015-03-25,117.670824092
2015-03-26,118.49102922
2015-03-27,117.546839596
2015-03-30,120.522467503
2015-03-31,118.67223733
2015-04-01,118.500566489
2015-04-02,119.521054265
2015-04-06,121.457119858
2015-04-07,120.179125821
2015-04-08,119.788097795
2015-04-09,120.703675613
2015-04-10,121.218688135
2015-04-13,120.980256412
2015-04-14,120.45570662
2015-04-15,120.913495529
2015-04-16,120.331722124
2015-04-17,118.977429936
2015-04-20,121.695551582
2015-04-21,121.037480025
2015-04-22,122.668353013
2015-04-23,123.669766251
2015-04-24,124.251539656
2015-04-27,126.511872393
2015-04-28,124.518583186
2015-04-29,122.687427551
2015-04-30,119.358920693
2015-05-01,122.983082888
2015-05-04,122.744651164
2015-05-05,119.978843174
2015-05-06,119.225398928
2015-05-07,119.959768636
2015-05-08,122.219907978
2015-05-11,120.974915968
2015-05-12,120.539168764
2015-05-13,120.678033257
2015-05-14,123.493630573
2015-05-15,123.321247064
2015-05-18,124.681161414
2015-05-19,124.566239075
2015-05-20,124.556662213
2015-05-21,125.830384808
2015-05-22,126.931723894
2015-05-26,124.135280302
2015-05-27,126.457669244
2015-05-28,126.203882411
2015-05-29,124.767353169
2015-06-01,125.01156314
2015-06-02,124.460893597
2015-06-03,124.614123383
2015-06-04,123.8862819
2015-06-05,123.206324725
2015-06-08,122.392291487
2015-06-09,122.028370746
2015-06-10,123.426592542
2015-06-11,123.148863555
2015-06-12,121.788949205
2015-06-15,121.549527665
2015-06-16,122.200754255
2015-06-17,121.913448406
2015-06-18,122.46890638
2015-06-19,121.243068093
2015-06-22,122.210331116
2015-06-23,121.654873142
2015-06-24,122.689174197
2015-06-25,122.104985639
2015-06-26,121.386721017
2015-06-29,119.260657738
2015-06-30,120.117786853
2015-07-01,121.243068093
2015-07-02,121.089838307
2015-07-06,120.668456396
2015-07-07,120.371573686
2015-07-08,117.383592861
2015-07-09,114.989377456
2015-07-10,118.063550035
2015-07-13,120.342843101
2015-07-14,120.294958793
2015-07-15,121.453759048
2015-07-16,123.072248662
2015-07-17,124.135280302
2015-07-20,126.481611398
2015-07-21,125.217465665
2015-07-22,119.921461189
2015-07-23,119.86400002
2015-07-24,119.231927153
2015-07-27,117.575130093
2015-07-28,118.159318652
2015-07-29,117.785821048
2015-07-30,117.192055628
2015-07-31,116.167331435
2015-08-03,113.428349012
2015-08-04,109.789141597
2015-08-05,110.51698308
2015-08-06,110.75640462
2015-08-07,111.131589175
2015-08-10,115.172038228
2015-08-11,109.178705467
2015-08-12,110.862225905
2015-08-13,110.775644854
2015-08-14,111.554874314
2015-08-17,112.709288329
2015-08-18,112.074360621
2015-08-19,110.640963219
2015-08-20,108.370615656
2015-08-21,101.742355187
2015-08-24,99.2026443538
2015-08-25,99.7990915949
2015-08-26,105.523061086
2015-08-27,108.630358809
2015-08-28,108.986303131
2015-08-31,108.476436941
2015-09-01,103.627898078
2015-09-02,108.072392036
2015-09-03,106.177229028
2015-09-04,105.119016181
2015-09-08,108.043531685
2015-09-09,105.965586458
2015-09-10,108.293654722
2015-09-11,109.871353876
2015-09-14,110.929566723
2015-09-15,111.862718051
2015-09-16,111.98777957
2015-09-17,109.592370489
2015-09-18,109.140224999
2015-09-21,110.833365555
2015-09-22,109.092124415
2015-09-23,109.97717516
2015-09-24,110.631343102
2015-09-25,110.352359715
2015-09-28,108.168593203
2015-09-29,104.916993728
2015-09-30,105.773184122
2015-10-01,105.417239801
2015-10-02,106.186849144
2015-10-05,106.571653816
2015-10-06,107.081520006
2015-10-07,106.571653816
2015-10-08,105.340278867
2015-10-09,107.860749466
2015-10-12,107.360503393
2015-10-13,107.543285612
2015-10-14,106.023307159
2015-10-15,107.61062643
2015-10-16,106.821776853
2015-10-19,107.485564911
2015-10-20,109.448068737
2015-10-21,109.43844862
2015-10-22,111.112348942
2015-10-23,114.556350753
2015-10-26,110.900706372
2015-10-27,110.198437846
2015-10-28,114.739132972
2015-10-29,115.951267688
2015-10-30,114.960395658
2015-11-02,116.576575279
2015-11-03,117.913771513
2015-11-04,117.365424856
2015-11-05,116.826698316
2015-11-06,116.961959131
2015-11-09,116.488546278
2015-11-10,112.817181296
2015-11-11,112.179523168
2015-11-12,111.802725183
2015-11-13,108.537142646
2015-11-16,110.310025473
2015-11-17,109.841443364
2015-11-18,113.319578609
2015-11-19,114.759140142
2015-11-20,115.261537455
2015-11-23,113.764007002
2015-11-24,114.85575501
2015-11-25,114.034528632
2015-11-27,113.821975923
2015-11-30,114.295388776
2015-12-01,113.367886043
2015-12-02,112.343768443
2015-12-03,111.300327869
2015-12-04,115.000677312
2015-12-07,114.276065802
2015-12-08,114.227758368
2015-12-09,111.706110315
2015-12-10,112.237492089
2015-12-11,109.348707537
2015-12-14,108.672403461
2015-12-15,106.749767589
2015-12-16,107.570993967
2015-12-17,105.290883083
2015-12-18,102.440744479
2015-12-21,103.696737762
2015-12-22,103.600122894
2015-12-23,104.933408072
2015-12-24,104.373041838
2015-12-28,103.204001936
2015-12-29,105.0590074
2015-12-30,103.687076276
2015-12-31,101.696809996
2016-01-04,101.783763377
2016-01-05,99.2331308635
2016-01-06,97.2911720179
2016-01-07,93.1850401303
2016-01-08,93.6777759568
2016-01-11,95.1946293835
2016-01-12,96.5762219951
2016-01-13,94.093219889
2016-01-14,96.1511165761
2016-01-15,93.8420212323
2016-01-19,93.387931353
2016-01-20,93.5135306813
2016-01-21,93.0401178284
2016-01-22,97.986799067
2016-01-25,96.0738246818
2016-01-26,96.6052064555
2016-01-27,90.2576096317
2016-01-28,90.9049292469
2016-01-29,94.044912455
2016-02-01,93.1657171567
2016-02-02,91.2817272318
2016-02-03,93.0884252624
2016-02-04,93.8323597455
2016-02-05,91.3262780877
2016-02-08,92.2879140727
2016-02-09,92.2684870831
2016-02-10,91.5691154577
2016-02-11,91.0154462542
2016-02-12,91.2971376033
2016-02-16,93.8712137247
2016-02-17,95.3088109548
2016-02-18,93.5021009224
2016-02-19,93.2884040368
2016-02-22,94.1043375999
2016-02-23,91.9770822392
2016-02-24,93.3466850056
2016-02-25,93.9877756623
2016-02-26,94.1334780842
2016-02-29,93.9197811987
2016-03-01,97.649763201
2016-03-02,97.8634600866
2016-03-03,98.5919721964
2016-03-04,100.058709911
2016-03-07,98.9513715039
2016-03-08,98.1354379409
2016-03-09,98.2228593941
2016-03-10,98.2714268681
2016-03-11,99.330197801
2016-03-14,99.5827486657
2016-03-15,101.583728594
2016-03-16,102.933904371
2016-03-17,102.768774959
2016-03-18,102.885336897
2016-03-21,102.875623402
2016-03-22,103.662416481
2016-03-23,103.089320288
2016-03-24,102.642499527
2016-03-28,102.176251777
2016-03-29,104.594911981
2016-03-30,106.421049003
2016-03-31,105.8673798
2016-04-01,106.83872928
2016-04-04,107.936354192
2016-04-05,106.663886373
2016-04-06,107.780938275
2016-04-07,105.430272534
2016-04-08,105.546834472
2016-04-11,105.896520284
2016-04-12,107.275836545
2016-04-13,108.829995713
2016-04-14,108.888276682
2016-04-15,106.702740352
2016-04-18,104.400642085
2016-04-19,103.846972882
2016-04-20,104.060669767
2016-04-21,102.933904371
2016-04-22,102.652213022
2016-04-25,102.069403334
2016-04-26,101.360318214
2016-04-27,95.0174061108
2016-04-28,92.1130711663
2016-04-29,91.0543002334
2016-05-02,90.9571652854
2016-05-03,92.4530434843
2016-05-04,91.4914074993
2016-05-05,91.122294697
2016-05-06,90.6141051513
2016-05-09,90.6825152824
2016-05-10,91.2982064628
2016-05-11,90.4088747578
2016-05-12,88.288160692
2016-05-13,88.4640724578
2016-05-16,91.7477587532
2016-05-17,91.3666165939
2016-05-18,92.412314313
2016-05-19,92.0604907814
2016-05-20,93.057324121
2016-05-23,94.2398421024
2016-05-24,95.6764548566
2016-05-25,97.3573895079
2016-05-26,98.1294467023
2016-05-27,98.070809447
2016-05-31,97.591938529
2016-06-01,96.2237359059
2016-06-02,95.5005430908
2016-06-03,95.6960006084
2016-06-06,96.3898747958
2016-06-07,96.780789831
2016-06-08,96.6928339481
2016-06-09,97.3867081355
2016-06-10,96.5853323134
2016-06-13,95.1291738074
2016-06-14,95.246448318
2016-06-15,94.9337162898
2016-06-16,95.3344042009
2016-06-17,93.1648257557
2016-06-20,92.9400496105
2016-06-21,93.7316525567
2016-06-22,93.379829025
2016-06-23,93.9173371984
2016-06-24,91.278660711
2016-06-27,89.9495495915
2016-06-28,91.4643453527
2016-06-29,92.2559482989
2016-06-30,93.4286934044
2016-07-01,93.7121068049
2016-07-05,92.8325479758
2016-07-06,93.3602832733
2016-07-07,93.7609711843
2016-07-08,94.4841639994
2016-07-11,94.7773502758
2016-07-12,95.2073568144
2016-07-13,94.6698486411
2016-07-14,96.5462408099
2016-07-15,96.536467934
2016-07-18,97.5626199013
2016-07-19,97.6017114048
2016-07-20,97.6896672877
2016-07-21,97.1717048661
2016-07-22,96.4191934235
2016-07-25,95.1291738074
2016-07-26,94.4743911235
2016-07-27,100.611757176
2016-07-28,101.970186923
2016-07-29,101.843139536
2016-08-01,103.641348698
2016-08-02,102.107007185
2016-08-03,103.387253925
2016-08-04,104.022490857
2016-08-05,105.604395177
2016-08-08,106.478864024
2016-08-09,106.911185701
2016-08-10,106.115320795
2016-08-11,106.046542347
2016-08-12,106.292179663
2016-08-15,107.56949371
2016-08-16,107.471238783
2016-08-17,107.314030901
2016-08-18,107.176474003
2016-08-19,107.451587798
2016-08-22,106.616420921
2016-08-23,106.950487672
2016-08-24,106.144797273
2016-08-25,105.692824611
2016-08-26,105.073818573
2016-08-29,104.955912661
2016-08-30,104.150222262
2016-08-31,104.248477189
2016-09-01,104.867483227
2016-09-02,105.850032493
2016-09-06,105.820556015
2016-09-07,106.469038531
2016-09-08,103.678598614
2016-09-09,101.330305867
2016-09-12,103.599994673
2016-09-13,106.066193332
2016-09-14,109.81953153
2016-09-15,113.553218744
2016-09-16,112.91456172
2016-09-19,111.597945703
2016-09-20,111.58812021
2016-09-21,111.568469225
2016-09-22,112.61979694
2016-09-23,110.743127841
2016-09-26,110.910161216
2016-09-27,111.116496562
2016-09-28,111.961488932
2016-09-29,110.22237673
2016-09-30,111.077194592
2016-10-03,110.55644348
2016-10-04,111.028067128
2016-10-05,111.077194592
2016-10-06,111.902535976
2016-10-07,112.069569351
2016-10-10,114.024842392
2016-10-11,114.270479708
2016-10-12,115.292330946
2016-10-13,114.93861321
2016-10-14,115.577270233
2016-10-17,115.498666292
2016-10-18,115.42006235
2016-10-19,115.076170107
2016-10-20,115.017217151
2016-10-21,114.565244488
2016-10-24,115.596921218
2016-10-25,116.186450778
2016-10-26,113.572869729
2016-10-27,112.482240043
2016-10-28,111.7355026
2016-10-31,111.558643732
2016-11-01,109.544417736
2016-11-02,109.642672663
2016-11-03,108.473439035
2016-11-04,107.495666982
2016-11-07,109.046275188
2016-11-08,109.688246738
2016-11-09,109.510470001
2016-11-10,106.458636016
2016-11-11,107.090731081
2016-11-14,104.404327055
2016-11-15,105.787035009
2016-11-16,108.631462801
2016-11-17,108.59195686
2016-11-18,108.700598199
2016-11-21,110.349971259
2016-11-22,110.419106657
2016-11-23,109.85614699
2016-11-25,110.409230172
2016-11-28,110.191947493
2016-11-29,110.083306154
2016-11-30,109.154916527
2016-12-01,108.137638532
2016-12-02,108.542574433
2016-12-05,107.762332087
2016-12-06,108.59195686
2016-12-07,109.658617282
2016-12-08,110.735154189
2016-12-09,112.542551016
2016-12-12,111.900579465
2016-12-13,113.767235204
2016-12-14,113.767235204
2016-12-15,114.389453784
2016-12-16,114.537601064
2016-12-19,115.199325586
2016-12-20,115.505496633
2016-12-21,115.614137972
2016-12-22,114.853648597
2016-12-23,115.080807761
2016-12-27,115.81166768
2016-12-28,115.31784341
2016-12-29,115.288213954
2016-12-30,114.389453784
2017-01-03,114.715377802
2017-01-04,114.586983491
2017-01-05,115.169696129
2017-01-06,116.45363923
2017-01-09,117.520299652
2017-01-10,117.638817477
2017-01-11,118.270912542
2017-01-12,117.777088272
2017-01-13,117.569682079
2017-01-17,118.517824677
2017-01-18,118.507948191
2017-01-19,118.300541998
2017-01-20,118.517824677
2017-01-23,118.59683656
2017-01-24,118.48819522
2017-01-25,120.37460393
2017-01-26,120.433862842
2017-01-27,120.443739328
2017-01-30,120.127691795
2017-01-31,119.851150204
2017-02-01,127.159749393
2017-02-02,126.942466714
2017-02-03,127.48567341
2017-02-06,128.680728143
2017-02-07,129.905412331
2017-02-08,130.409113086
2017-02-09,131.347379198
2017-02-10,131.04980924
2017-02-13,132.210332074
2017-02-14,133.926318829
2017-02-15,134.412349759
2017-02-16,134.248686282
2017-02-17,134.620648729
2017-02-21,135.59271059
2017-02-22,135.999389532
2017-02-23,135.424087614
2017-02-24,135.553034596
2017-02-27,135.820847557
2017-02-28,135.880361549
2017-03-01,138.657681151
2017-03-02,137.834404269
2017-03-03,138.647762153
2017-03-06,138.211326215
2017-03-07,138.38986819
2017-03-08,137.874080264
2017-03-09,137.556672309
2017-03-10,138.012946244
2017-03-13,138.072460235
2017-03-14,137.864161265
2017-03-15,139.322254056
2017-03-16,139.550391024
2017-03-17,138.856061123
2017-03-20,140.314153914
2017-03-21,138.707276144
2017-03-22,140.27447792
2017-03-23,139.778527991
2017-03-24,139.500796031
2017-03-27,139.738851997
2017-03-28,142.635199582
2017-03-29,142.952607537
2017-03-30,142.764146563
2017-03-31,142.496333602
2017-04-03,142.536009596
2017-04-04,143.597342444
2017-04-05,142.853417551
2017-04-06,142.496333602
2017-04-07,142.178925647
2017-04-10,142.010302671
2017-04-11,140.48277689
2017-04-12,140.651399866
2017-04-13,139.907474972
2017-04-17,140.681156862
2017-04-18,140.056259951
2017-04-19,139.540472025
2017-04-20,141.286215775
2017-04-21,141.117592799
2017-04-24,142.476495605
2017-04-25,143.369205477
2017-04-26,142.487208123
2017-04-27,142.625280583
2017-04-28,142.486414603
2017-05-01,145.412519184
2017-05-02,146.315148055
2017-05-03,145.868793119
2017-05-04,145.343086194
2017-05-05,147.753402849
2017-05-08,151.760678276
2017-05-09,152.712902139
2017-05-10,152.018572239
2017-05-11,153.327880051
2017-05-12,155.46919179
2017-05-15,155.07080821
2017-05-16,154.841737652
2017-05-17,149.642831944
2017-05-18,151.923577935
2017-05-19,152.341880693
2017-05-22,153.367718409
2017-05-23,153.178486209
2017-05-24,152.720345093
2017-05-25,153.248203335
2017-05-26,152.989254009
2017-05-30,153.049011546
2017-05-31,152.142688903
2017-06-01,152.560991661
2017-06-02,154.821818473
2017-06-05,153.307960872
2017-06-06,153.825859525
2017-06-07,154.742141758
2017-06-08,154.363677357
2017-06-09,148.37796408
2017-06-12,144.73275433
2017-06-13,145.997622194
2017-06-14,144.573400898
2017-06-15,143.706916613
2017-06-16,141.695079538
2017-06-19,145.748632457
2017-06-20,144.424007056
2017-06-21,145.280531751
2017-06-22,145.041501604
2017-06-23,145.758592046
2017-06-26,145.230733804
2017-06-27,143.159139192
2017-06-28,145.240693393
2017-06-29,143.099381655
2017-06-30,143.438007697
2017-07-03,142.920109044
2017-07-05,143.507724824
2017-07-06,142.153220654
2017-07-07,143.597361129
2017-07-10,144.473805003
2017-07-11,144.941905709
2017-07-12,145.151057088
2017-07-13,147.172853752
2017-07-14,148.437721616
2017-07-17,148.955620269
2017-07-18,149.473518922
2017-07-19,150.409720334
2017-07-20,149.732468249
2017-07-21,149.662751123
2017-07-24,151.475396408
2017-07-25,152.122769724
2017-07-26,152.839860167
2017-07-27,149.951579217
2017-07-28,148.895862733
2017-07-31,148.248489416
2017-08-01,149.443640154
2017-08-02,156.504989096
2017-08-03,154.941333547
2017-08-04,155.758019885
2017-08-08,159.433108403
2017-08-09,160.409148172
2017-08-10,155.27
